-- MySQL dump 10.13  Distrib 8.0.45, for Win64 (x86_64)
--
-- Host: localhost    Database: lighthouse_db
-- ------------------------------------------------------
-- Server version	8.0.45

/*!40101 SET @OLD_CHARACTER_SET_CLIENT=@@CHARACTER_SET_CLIENT */;
/*!40101 SET @OLD_CHARACTER_SET_RESULTS=@@CHARACTER_SET_RESULTS */;
/*!40101 SET @OLD_COLLATION_CONNECTION=@@COLLATION_CONNECTION */;
/*!50503 SET NAMES utf8 */;
/*!40103 SET @OLD_TIME_ZONE=@@TIME_ZONE */;
/*!40103 SET TIME_ZONE='+00:00' */;
/*!40014 SET @OLD_UNIQUE_CHECKS=@@UNIQUE_CHECKS, UNIQUE_CHECKS=0 */;
/*!40014 SET @OLD_FOREIGN_KEY_CHECKS=@@FOREIGN_KEY_CHECKS, FOREIGN_KEY_CHECKS=0 */;
/*!40101 SET @OLD_SQL_MODE=@@SQL_MODE, SQL_MODE='NO_AUTO_VALUE_ON_ZERO' */;
/*!40111 SET @OLD_SQL_NOTES=@@SQL_NOTES, SQL_NOTES=0 */;

--
-- Table structure for table `appointment_events`
--

DROP TABLE IF EXISTS `appointment_events`;
/*!40101 SET @saved_cs_client     = @@character_set_client */;
/*!50503 SET character_set_client = utf8mb4 */;
CREATE TABLE `appointment_events` (
  `id` bigint unsigned NOT NULL AUTO_INCREMENT,
  `appointment_id` bigint unsigned NOT NULL,
  `actor_type` varchar(16) CHARACTER SET utf8mb4 COLLATE utf8mb4_unicode_ci NOT NULL,
  `actor_id` bigint unsigned DEFAULT NULL,
  `action` varchar(32) CHARACTER SET utf8mb4 COLLATE utf8mb4_unicode_ci NOT NULL,
  `payload` json DEFAULT NULL,
  `created_at` timestamp NULL DEFAULT NULL,
  `updated_at` timestamp NULL DEFAULT NULL,
  PRIMARY KEY (`id`),
  KEY `appointment_events_appointment_id_created_at_index` (`appointment_id`,`created_at`),
  CONSTRAINT `appointment_events_appointment_id_foreign` FOREIGN KEY (`appointment_id`) REFERENCES `appointments` (`id`) ON DELETE CASCADE
) ENGINE=InnoDB AUTO_INCREMENT=32 DEFAULT CHARSET=utf8mb4 COLLATE=utf8mb4_unicode_ci;
/*!40101 SET character_set_client = @saved_cs_client */;

--
-- Dumping data for table `appointment_events`
--

LOCK TABLES `appointment_events` WRITE;
/*!40000 ALTER TABLE `appointment_events` DISABLE KEYS */;
INSERT INTO `appointment_events` VALUES (1,3,'patient',2,'created',NULL,'2026-05-01 08:45:45','2026-05-01 08:45:45'),(2,3,'patient',2,'cancelled',NULL,'2026-05-01 08:48:53','2026-05-01 08:48:53'),(3,4,'patient',3,'created',NULL,'2026-05-01 09:01:38','2026-05-01 09:01:38'),(4,5,'patient',3,'created',NULL,'2026-05-01 09:02:50','2026-05-01 09:02:50'),(5,6,'patient',3,'created',NULL,'2026-05-01 09:03:10','2026-05-01 09:03:10'),(6,7,'patient',4,'created',NULL,'2026-05-01 13:22:19','2026-05-01 13:22:19'),(7,8,'patient',2,'created',NULL,'2026-05-01 13:31:48','2026-05-01 13:31:48'),(8,9,'patient',2,'created',NULL,'2026-05-01 13:39:35','2026-05-01 13:39:35'),(9,10,'patient',2,'created',NULL,'2026-05-01 13:58:45','2026-05-01 13:58:45'),(10,11,'patient',5,'created',NULL,'2026-05-01 15:23:55','2026-05-01 15:23:55'),(11,12,'patient',5,'created',NULL,'2026-05-01 15:45:21','2026-05-01 15:45:21'),(12,13,'patient',5,'created',NULL,'2026-05-01 16:48:10','2026-05-01 16:48:10'),(13,14,'patient',5,'created',NULL,'2026-05-01 16:48:32','2026-05-01 16:48:32'),(14,15,'patient',5,'created',NULL,'2026-05-01 16:49:36','2026-05-01 16:49:36'),(15,16,'patient',5,'created',NULL,'2026-05-01 16:49:53','2026-05-01 16:49:53'),(16,15,'patient',5,'rescheduled','{\"new_start_at\": \"2026-05-08T09:00:00+00:00\", \"new_doctor_id\": 32, \"new_appointment_id\": 17}','2026-05-01 16:57:25','2026-05-01 16:57:25'),(17,17,'patient',5,'created','{\"rescheduled_from_id\": 15}','2026-05-01 16:57:25','2026-05-01 16:57:25'),(18,12,'patient',5,'cancelled',NULL,'2026-05-01 17:00:03','2026-05-01 17:00:03'),(19,18,'patient',5,'created',NULL,'2026-05-01 17:11:16','2026-05-01 17:11:16'),(20,16,'patient',5,'cancelled',NULL,'2026-05-01 17:31:01','2026-05-01 17:31:01'),(21,19,'patient',5,'created',NULL,'2026-05-01 17:32:30','2026-05-01 17:32:30'),(22,20,'patient',5,'created',NULL,'2026-05-01 17:46:12','2026-05-01 17:46:12'),(23,21,'patient',14,'created',NULL,'2026-05-02 07:24:09','2026-05-02 07:24:09'),(24,21,'patient',14,'rescheduled','{\"new_start_at\": \"2026-05-13T12:30:00+00:00\", \"new_doctor_id\": 37, \"new_appointment_id\": 22}','2026-05-02 07:24:50','2026-05-02 07:24:50'),(25,22,'patient',14,'created','{\"rescheduled_from_id\": 21}','2026-05-02 07:24:50','2026-05-02 07:24:50'),(26,23,'patient',15,'created',NULL,'2026-05-02 16:45:16','2026-05-02 16:45:16'),(27,24,'patient',17,'created',NULL,'2026-05-06 09:08:43','2026-05-06 09:08:43'),(28,25,'patient',18,'created',NULL,'2026-05-06 10:18:16','2026-05-06 10:18:16'),(29,26,'patient',15,'created',NULL,'2026-05-07 08:33:38','2026-05-07 08:33:38'),(30,26,'patient',15,'rescheduled','{\"new_start_at\": \"2026-05-15T13:00:00+00:00\", \"new_doctor_id\": 29, \"new_appointment_id\": 27}','2026-05-07 08:34:26','2026-05-07 08:34:26'),(31,27,'patient',15,'created','{\"rescheduled_from_id\": 26}','2026-05-07 08:34:26','2026-05-07 08:34:26');
/*!40000 ALTER TABLE `appointment_events` ENABLE KEYS */;
UNLOCK TABLES;

--
-- Table structure for table `appointments`
--

DROP TABLE IF EXISTS `appointments`;
/*!40101 SET @saved_cs_client     = @@character_set_client */;
/*!50503 SET character_set_client = utf8mb4 */;
CREATE TABLE `appointments` (
  `id` bigint unsigned NOT NULL AUTO_INCREMENT,
  `patient_id` bigint unsigned DEFAULT NULL,
  `espo_entity_id` varchar(255) CHARACTER SET utf8mb4 COLLATE utf8mb4_unicode_ci DEFAULT NULL,
  `espo_entity_type` varchar(64) CHARACTER SET utf8mb4 COLLATE utf8mb4_unicode_ci DEFAULT NULL,
  `espo_synced_at` timestamp NULL DEFAULT NULL,
  `espo_sync_status` enum('pending','synced','failed','skipped') CHARACTER SET utf8mb4 COLLATE utf8mb4_unicode_ci NOT NULL DEFAULT 'pending',
  `espo_sync_error` text CHARACTER SET utf8mb4 COLLATE utf8mb4_unicode_ci,
  `doctor_id` bigint unsigned DEFAULT NULL,
  `service_id` bigint unsigned DEFAULT NULL,
  `patient_name` varchar(255) CHARACTER SET utf8mb4 COLLATE utf8mb4_unicode_ci NOT NULL,
  `phone` varchar(20) CHARACTER SET utf8mb4 COLLATE utf8mb4_unicode_ci NOT NULL,
  `email` varchar(255) CHARACTER SET utf8mb4 COLLATE utf8mb4_unicode_ci DEFAULT NULL,
  `type` enum('appointment','feedback') CHARACTER SET utf8mb4 COLLATE utf8mb4_unicode_ci NOT NULL DEFAULT 'appointment',
  `message` text CHARACTER SET utf8mb4 COLLATE utf8mb4_unicode_ci,
  `status` enum('new','processing','completed','cancelled','rescheduled') CHARACTER SET utf8mb4 COLLATE utf8mb4_unicode_ci NOT NULL DEFAULT 'new',
  `admin_comment` text CHARACTER SET utf8mb4 COLLATE utf8mb4_unicode_ci,
  `preferred_date` datetime DEFAULT NULL,
  `start_at` datetime DEFAULT NULL,
  `end_at` datetime DEFAULT NULL,
  `cancellation_reason` text CHARACTER SET utf8mb4 COLLATE utf8mb4_unicode_ci,
  `cancelled_at` timestamp NULL DEFAULT NULL,
  `rescheduled_from_id` bigint unsigned DEFAULT NULL,
  `created_at` timestamp NULL DEFAULT NULL,
  `updated_at` timestamp NULL DEFAULT NULL,
  PRIMARY KEY (`id`),
  KEY `appointments_doctor_id_foreign` (`doctor_id`),
  KEY `appointments_service_id_foreign` (`service_id`),
  KEY `appointments_status_index` (`status`),
  KEY `appointments_type_index` (`type`),
  KEY `appointments_created_at_index` (`created_at`),
  KEY `appointments_rescheduled_from_id_foreign` (`rescheduled_from_id`),
  KEY `appointments_doctor_id_start_at_index` (`doctor_id`,`start_at`),
  KEY `appointments_patient_id_start_at_index` (`patient_id`,`start_at`),
  CONSTRAINT `appointments_doctor_id_foreign` FOREIGN KEY (`doctor_id`) REFERENCES `doctors` (`id`) ON DELETE SET NULL,
  CONSTRAINT `appointments_patient_id_foreign` FOREIGN KEY (`patient_id`) REFERENCES `patients` (`id`) ON DELETE SET NULL,
  CONSTRAINT `appointments_rescheduled_from_id_foreign` FOREIGN KEY (`rescheduled_from_id`) REFERENCES `appointments` (`id`) ON DELETE SET NULL,
  CONSTRAINT `appointments_service_id_foreign` FOREIGN KEY (`service_id`) REFERENCES `services` (`id`) ON DELETE SET NULL
) ENGINE=InnoDB AUTO_INCREMENT=28 DEFAULT CHARSET=utf8mb4 COLLATE=utf8mb4_unicode_ci;
/*!40101 SET character_set_client = @saved_cs_client */;

--
-- Dumping data for table `appointments`
--

LOCK TABLES `appointments` WRITE;
/*!40000 ALTER TABLE `appointments` DISABLE KEYS */;
INSERT INTO `appointments` VALUES (1,1,NULL,NULL,NULL,'pending',NULL,36,186,'чсм мчсм чмячсм','73141432342',NULL,'appointment','Онлайн-запись без выбора времени (черновик для проверки).','new',NULL,NULL,NULL,NULL,NULL,NULL,NULL,'2026-05-01 10:35:01','2026-05-01 10:35:01'),(2,2,NULL,NULL,NULL,'pending',NULL,36,186,'ва ваы ваыыв','72222222222',NULL,'appointment','Онлайн-запись без выбора времени (черновик для проверки).','new',NULL,NULL,NULL,NULL,NULL,NULL,NULL,'2026-05-01 10:46:40','2026-05-01 10:46:40'),(3,2,NULL,NULL,NULL,'pending',NULL,34,194,'ва ваы ваыыв','72222222222',NULL,'appointment',NULL,'cancelled',NULL,'2026-05-15 08:00:00','2026-05-15 08:00:00','2026-05-15 08:30:00',NULL,'2026-05-01 08:48:53',NULL,'2026-05-01 08:45:45','2026-05-01 08:48:53'),(4,3,NULL,NULL,NULL,'pending',NULL,28,197,'авп авпв апвап','71111111111',NULL,'appointment',NULL,'new',NULL,'2026-05-04 08:30:00','2026-05-04 08:30:00','2026-05-04 09:00:00',NULL,NULL,NULL,'2026-05-01 09:01:38','2026-05-01 09:01:38'),(5,3,NULL,NULL,NULL,'pending',NULL,34,194,'авп авпв апвап','71111111111',NULL,'appointment',NULL,'new',NULL,'2026-05-15 12:00:00','2026-05-15 12:00:00','2026-05-15 12:30:00',NULL,NULL,NULL,'2026-05-01 09:02:50','2026-05-01 09:02:50'),(6,3,NULL,NULL,NULL,'pending',NULL,34,194,'авп авпв апвап','71111111111',NULL,'appointment',NULL,'new',NULL,'2026-05-04 12:00:00','2026-05-04 12:00:00','2026-05-04 12:30:00',NULL,NULL,NULL,'2026-05-01 09:03:10','2026-05-01 09:03:10'),(7,4,NULL,NULL,NULL,'pending',NULL,28,197,'выф фыв фыв','73333333333',NULL,'appointment',NULL,'new',NULL,'2026-05-04 08:00:00','2026-05-04 08:00:00','2026-05-04 08:30:00',NULL,NULL,NULL,'2026-05-01 13:22:19','2026-05-01 13:22:19'),(8,2,NULL,NULL,NULL,'pending',NULL,35,182,'ва ваы ваыыв','72222222222',NULL,'appointment',NULL,'new',NULL,'2026-05-14 13:00:00','2026-05-14 13:00:00','2026-05-14 13:30:00',NULL,NULL,NULL,'2026-05-01 13:31:48','2026-05-01 13:31:48'),(9,2,NULL,NULL,NULL,'pending',NULL,29,216,'ва ваы ваыыв','72222222222',NULL,'appointment',NULL,'new',NULL,'2026-05-04 08:30:00','2026-05-04 08:30:00','2026-05-04 09:00:00',NULL,NULL,NULL,'2026-05-01 13:39:35','2026-05-01 13:39:35'),(10,2,NULL,NULL,NULL,'pending',NULL,30,216,'ва ваы ваыыв','72222222222',NULL,'appointment',NULL,'new',NULL,'2026-05-06 12:00:00','2026-05-06 12:00:00','2026-05-06 12:30:00',NULL,NULL,NULL,'2026-05-01 13:58:45','2026-05-01 13:58:45'),(11,5,NULL,NULL,NULL,'pending',NULL,30,216,'рн рр гг','375333333333',NULL,'appointment',NULL,'new',NULL,'2026-05-22 12:00:00','2026-05-22 12:00:00','2026-05-22 12:30:00',NULL,NULL,NULL,'2026-05-01 15:23:55','2026-05-01 15:23:55'),(12,5,NULL,NULL,NULL,'pending',NULL,28,197,'рн рр гг','375333333333',NULL,'appointment',NULL,'cancelled',NULL,'2026-05-04 13:00:00','2026-05-04 13:00:00','2026-05-04 13:30:00',NULL,'2026-05-01 17:00:03',NULL,'2026-05-01 15:45:21','2026-05-01 17:00:03'),(13,5,NULL,NULL,NULL,'pending',NULL,32,203,'рн рр гг','375333333333',NULL,'appointment',NULL,'new',NULL,'2026-05-21 10:30:00','2026-05-21 10:30:00','2026-05-21 11:00:00',NULL,NULL,NULL,'2026-05-01 16:48:10','2026-05-01 16:48:10'),(14,5,NULL,NULL,NULL,'pending',NULL,36,191,'рн рр гг','375333333333',NULL,'appointment',NULL,'new',NULL,'2026-05-20 08:00:00','2026-05-20 08:00:00','2026-05-20 08:30:00',NULL,NULL,NULL,'2026-05-01 16:48:32','2026-05-01 16:48:32'),(15,5,NULL,NULL,NULL,'pending',NULL,32,203,'рн рр гг','375333333333',NULL,'appointment',NULL,'rescheduled',NULL,'2026-05-08 08:00:00','2026-05-08 08:00:00','2026-05-08 08:30:00',NULL,'2026-05-01 16:57:25',NULL,'2026-05-01 16:49:36','2026-05-01 16:57:25'),(16,5,NULL,NULL,NULL,'pending',NULL,32,203,'рн рр гг','375333333333',NULL,'appointment',NULL,'cancelled',NULL,'2026-05-08 08:30:00','2026-05-08 08:30:00','2026-05-08 09:00:00',NULL,'2026-05-01 17:31:01',NULL,'2026-05-01 16:49:53','2026-05-01 17:31:01'),(17,5,NULL,NULL,NULL,'pending',NULL,32,203,'рн рр гг','375333333333',NULL,'appointment',NULL,'new',NULL,'2026-05-08 09:00:00','2026-05-08 09:00:00','2026-05-08 09:30:00',NULL,NULL,15,'2026-05-01 16:57:25','2026-05-01 16:57:25'),(18,5,NULL,NULL,NULL,'pending',NULL,28,197,'рн рр гг','375333333333',NULL,'appointment',NULL,'new',NULL,'2026-05-14 10:30:00','2026-05-14 10:30:00','2026-05-14 11:00:00',NULL,NULL,NULL,'2026-05-01 17:11:16','2026-05-01 17:11:16'),(19,5,NULL,NULL,NULL,'pending',NULL,32,203,'рн рр гг','375333333333',NULL,'appointment',NULL,'new',NULL,'2026-05-08 11:30:00','2026-05-08 11:30:00','2026-05-08 12:00:00',NULL,NULL,NULL,'2026-05-01 17:32:30','2026-05-01 17:32:30'),(20,5,NULL,NULL,NULL,'pending',NULL,16,196,'рн рр гг','375333333333',NULL,'appointment',NULL,'new',NULL,'2026-05-15 12:30:00','2026-05-15 12:30:00','2026-05-15 13:00:00',NULL,NULL,NULL,'2026-05-01 17:46:12','2026-05-01 17:46:12'),(21,14,NULL,NULL,NULL,'pending',NULL,37,192,'Иванов Иван Иванович','375298764321',NULL,'appointment',NULL,'rescheduled',NULL,'2026-05-13 08:30:00','2026-05-13 08:30:00','2026-05-13 09:00:00',NULL,'2026-05-02 07:24:50',NULL,'2026-05-02 07:24:09','2026-05-02 07:24:50'),(22,14,NULL,NULL,NULL,'pending',NULL,37,192,'Иванов Иван Иванович','375298764321',NULL,'appointment',NULL,'new',NULL,'2026-05-13 12:30:00','2026-05-13 12:30:00','2026-05-13 13:00:00',NULL,NULL,21,'2026-05-02 07:24:50','2026-05-02 07:24:50'),(23,15,NULL,NULL,NULL,'pending',NULL,16,196,'Пол Полдо лавоылд','375465656665',NULL,'appointment',NULL,'new',NULL,'2026-05-04 12:00:00','2026-05-04 12:00:00','2026-05-04 12:30:00',NULL,NULL,NULL,'2026-05-02 16:45:16','2026-05-02 16:45:16'),(24,17,NULL,NULL,NULL,'pending',NULL,30,216,'ыауцуцуку цукцук','375000000001',NULL,'appointment',NULL,'new',NULL,'2026-05-22 09:00:00','2026-05-22 09:00:00','2026-05-22 09:30:00',NULL,NULL,NULL,'2026-05-06 09:08:43','2026-05-06 09:08:43'),(25,18,NULL,NULL,NULL,'pending',NULL,30,216,'ггпнпнгпннгп нпнгпнгпн','375000000002',NULL,'appointment',NULL,'new',NULL,'2026-05-22 10:00:00','2026-05-22 10:00:00','2026-05-22 10:30:00',NULL,NULL,NULL,'2026-05-06 10:18:16','2026-05-06 10:18:16'),(26,15,NULL,NULL,NULL,'pending',NULL,29,216,'Иванов Владислав Иванович','375465656665',NULL,'appointment',NULL,'rescheduled',NULL,'2026-05-08 10:00:00','2026-05-08 10:00:00','2026-05-08 10:30:00',NULL,'2026-05-07 08:34:26',NULL,'2026-05-07 08:33:38','2026-05-07 08:34:26'),(27,15,NULL,NULL,NULL,'pending',NULL,29,216,'Иванов Владислав Иванович','375465656665',NULL,'appointment',NULL,'new',NULL,'2026-05-15 13:00:00','2026-05-15 13:00:00','2026-05-15 13:30:00',NULL,NULL,26,'2026-05-07 08:34:26','2026-05-07 08:34:26');
/*!40000 ALTER TABLE `appointments` ENABLE KEYS */;
UNLOCK TABLES;

--
-- Table structure for table `article_categories`
--

DROP TABLE IF EXISTS `article_categories`;
/*!40101 SET @saved_cs_client     = @@character_set_client */;
/*!50503 SET character_set_client = utf8mb4 */;
CREATE TABLE `article_categories` (
  `id` bigint unsigned NOT NULL AUTO_INCREMENT,
  `name` varchar(255) CHARACTER SET utf8mb4 COLLATE utf8mb4_unicode_ci NOT NULL,
  `slug` varchar(255) CHARACTER SET utf8mb4 COLLATE utf8mb4_unicode_ci NOT NULL,
  `created_at` timestamp NULL DEFAULT NULL,
  `updated_at` timestamp NULL DEFAULT NULL,
  PRIMARY KEY (`id`),
  UNIQUE KEY `article_categories_name_unique` (`name`),
  UNIQUE KEY `article_categories_slug_unique` (`slug`)
) ENGINE=InnoDB AUTO_INCREMENT=10 DEFAULT CHARSET=utf8mb4 COLLATE=utf8mb4_unicode_ci;
/*!40101 SET character_set_client = @saved_cs_client */;

--
-- Dumping data for table `article_categories`
--

LOCK TABLES `article_categories` WRITE;
/*!40000 ALTER TABLE `article_categories` DISABLE KEYS */;
INSERT INTO `article_categories` VALUES (1,'Здоровье','zdorove','2026-04-20 05:55:45','2026-04-20 05:55:45'),(2,'Диагностика','diagnostika','2026-04-20 05:55:45','2026-04-20 05:55:45'),(3,'Профилактика','profilaktika','2026-04-20 05:55:45','2026-04-20 05:55:45'),(4,'Советы врачей','sovety-vrachey','2026-04-20 05:55:45','2026-04-20 05:55:45'),(5,'Новости клиники','novosti-kliniki','2026-04-20 05:55:45','2026-04-20 05:55:45'),(6,'Эндокриногология','endokrinogologiya','2026-04-28 05:54:24','2026-04-28 05:54:24'),(7,'Кардиология','kardiologiya','2026-04-29 16:02:16','2026-04-29 16:02:16'),(8,'Гинекология','ginekologiya','2026-04-29 18:17:04','2026-04-29 18:17:04'),(9,'Проктология','proktologiya','2026-04-30 03:56:18','2026-04-30 03:56:18');
/*!40000 ALTER TABLE `article_categories` ENABLE KEYS */;
UNLOCK TABLES;

--
-- Table structure for table `articles`
--

DROP TABLE IF EXISTS `articles`;
/*!40101 SET @saved_cs_client     = @@character_set_client */;
/*!50503 SET character_set_client = utf8mb4 */;
CREATE TABLE `articles` (
  `id` bigint unsigned NOT NULL AUTO_INCREMENT,
  `category_id` bigint unsigned DEFAULT NULL,
  `title` varchar(255) CHARACTER SET utf8mb4 COLLATE utf8mb4_unicode_ci NOT NULL,
  `slug` varchar(255) CHARACTER SET utf8mb4 COLLATE utf8mb4_unicode_ci NOT NULL,
  `author` varchar(255) CHARACTER SET utf8mb4 COLLATE utf8mb4_unicode_ci DEFAULT NULL,
  `author_doctor_id` bigint unsigned DEFAULT NULL,
  `published_at` datetime DEFAULT NULL,
  `reading_time` int unsigned DEFAULT NULL,
  `status` enum('draft','published') CHARACTER SET utf8mb4 COLLATE utf8mb4_unicode_ci NOT NULL DEFAULT 'draft',
  `cover_image` varchar(255) CHARACTER SET utf8mb4 COLLATE utf8mb4_unicode_ci DEFAULT NULL,
  `content` longtext CHARACTER SET utf8mb4 COLLATE utf8mb4_unicode_ci,
  `meta_description` varchar(500) CHARACTER SET utf8mb4 COLLATE utf8mb4_unicode_ci DEFAULT NULL,
  `created_at` timestamp NULL DEFAULT NULL,
  `updated_at` timestamp NULL DEFAULT NULL,
  PRIMARY KEY (`id`),
  UNIQUE KEY `articles_slug_unique` (`slug`),
  KEY `articles_category_id_index` (`category_id`),
  KEY `articles_status_published_at_index` (`status`,`published_at`),
  KEY `articles_author_doctor_id_foreign` (`author_doctor_id`),
  CONSTRAINT `articles_author_doctor_id_foreign` FOREIGN KEY (`author_doctor_id`) REFERENCES `doctors` (`id`) ON DELETE SET NULL,
  CONSTRAINT `articles_category_id_foreign` FOREIGN KEY (`category_id`) REFERENCES `article_categories` (`id`) ON DELETE SET NULL
) ENGINE=InnoDB AUTO_INCREMENT=17 DEFAULT CHARSET=utf8mb4 COLLATE=utf8mb4_unicode_ci;
/*!40101 SET character_set_client = @saved_cs_client */;

--
-- Dumping data for table `articles`
--

LOCK TABLES `articles` WRITE;
/*!40000 ALTER TABLE `articles` DISABLE KEYS */;
INSERT INTO `articles` VALUES (1,6,'Детский эндокринолог: диагностика и лечение гормональных нарушений у детей','detskij-endokrinolog-diagnostika-i-lechenie-gormonalnyh-narushenij-u-dete','Козел Виктория Александровна',35,'2026-03-12 16:35:00',10,'published','images/blog/01KQ884J73Z9RXNQFM3EGDZCHS.png','<p style=\"line-height: 1.5;\">Гормональная система играет важную роль в росте и развитии ребенка. Гормоны регулируют обмен веществ, работу внутренних органов, формирование костей, уровень сахара в крови и половое развитие.</p><p style=\"line-height: 1.5;\">Если в работе эндокринной системы<span data-color=\"#0891B2\" class=\"color\" style=\"--color: #0891B2; --dark-color: #0891B2\"> </span>возникают нарушения, это может повлиять на физическое развитие, вес, самочувствие и общее состояние ребенка.</p><p style=\"line-height: 1;\"><a href=\"https://lighthouse.by/service/endokrinologiya/konsultacziya-detskogo-endokrinologa/\"><strong>Детская эндокринология</strong></a> занимается диагностикой и лечением таких состояний. Специалист, который работает с этими заболеваниями, — <strong>детский эндокринолог</strong>.</p><p style=\"text-align: center;\"><img src=\"https://i.pinimg.com/736x/90/21/da/9021da2a8de2f711376bb591dcf8c7cd.jpg\" width=\"618\" style=\"width: 618; height: 465;\" height=\"465\"></p><p>В медицинском центре <strong>«Маяк здоровья»</strong> проводится комплексная помощь детям с эндокринологическими заболеваниями:</p><ul><li><p>консультация детского эндокринолога</p></li><li><p>лабораторная диагностика</p></li><li><p>контроль гормонального фона</p></li><li><p>лечение сахарного диабета</p></li><li><p>установка и настройка инсулиновых помп</p></li><li><p>длительное наблюдение пациентов.</p></li></ul><h2><strong>Что лечит детский эндокринолог</strong></h2><p>Детский эндокринолог занимается заболеваниями органов, вырабатывающих гормоны:</p><ul><li><p>гипофиза</p></li><li><p>щитовидной железы</p></li><li><p>поджелудочной железы</p></li><li><p>надпочечников</p></li><li><p>половых желез.</p></li></ul><p>Нарушения в работе этих органов могут приводить к различным заболеваниям.</p><p style=\"text-align: center;\"><img src=\"https://i.pinimg.com/736x/39/f7/e1/39f7e1785354819fedee1daad61c6cf5.jpg\" width=\"697\" style=\"width: 697; height: 391;\" height=\"391\"></p><h2><strong>Основные заболевания</strong></h2><h3><strong>1) Сахарный диабет у детей</strong></h3><p>Одно из наиболее распространенных эндокринных заболеваний в детском возрасте. Оно возникает из-за нарушения выработки или действия инсулина.</p><p>Без контроля уровня глюкозы заболевание может приводить к осложнениям, поэтому детям требуется регулярное наблюдение эндокринолога.</p><h3><strong>2) Заболевания щитовидной железы</strong></h3><p>К наиболее распространенным относятся:</p><ul><li><p>гипотиреоз</p></li><li><p>гипертиреоз</p></li><li><p>аутоиммунный тиреоидит</p></li><li><p>узловые образования.</p></li></ul><p>Нарушения работы щитовидной железы могут влиять на рост, обмен веществ и развитие нервной системы ребенка.</p><h3><strong>3) Нарушения роста</strong></h3><p>Иногда дети растут слишком медленно или, наоборот, значительно быстрее сверстников. Причиной могут быть гормональные нарушения, связанные с работой гипофиза.</p><h3><strong>4) Ожирение и нарушения обмена веществ</strong></h3><p>Избыточный вес у детей может быть связан не только с питанием, но и с гормональными нарушениями.</p><p>Такие состояния могут сопровождаться:</p><ul><li><p>инсулинорезистентностью</p></li><li><p>предиабетом</p></li><li><p>метаболическим синдромом.</p></li></ul><h3><strong>5) Нарушения полового развития</strong></h3><p>Детский эндокринолог также занимается диагностикой:</p><ul><li><p>преждевременного полового созревания</p></li><li><p>задержки полового развития.</p></li></ul><p>Эти состояния требуют тщательного обследования и наблюдения специалиста.</p><h2><strong>Симптомы, при которых нужно обратиться к детскому эндокринологу</strong></h2><p>Некоторые признаки могут указывать на гормональные нарушения.</p><p>Родителям рекомендуется записаться на консультацию, если у ребенка наблюдаются:</p><ul><li><p>постоянная жажда</p></li><li><p>частое мочеиспускание</p></li><li><p>резкое изменение веса</p></li><li><p>повышенная утомляемость</p></li><li><p>слабость</p></li><li><p>сухость кожи</p></li><li><p>повышенный аппетит</p></li><li><p>учащенное сердцебиение</p></li><li><p>отставание или ускорение роста</p></li><li><p>раннее или позднее половое созревание</p></li><li><p>увеличение щитовидной железы.</p></li></ul><p>Также <a href=\"https://lighthouse.by/service/endokrinologiya/konsultacziya-detskogo-endokrinologa/\">консультация врача </a>может потребоваться при наличии эндокринных заболеваний у близких родственников.</p><h2><strong>Как проходит прием детского эндокринолога</strong></h2><p>Консультация начинается со сбора анамнеза.</p><p style=\"text-align: center;\"><img src=\"https://nordin.by/wp-content/uploads/2022/12/icon-497-495x270.jpg\" alt=\"Детская эндокринология в &laquo;Нордине&raquo;: полный комплекс диагностики и лечения\" width=\"609\" style=\"width: 609; height: 331;\" height=\"331\"></p><p>Врач уточняет:</p><ul><li><p> жалобы ребенка и родителей</p></li><li><p>особенности роста и развития</p></li><li><p>перенесенные заболевания</p></li><li><p>наследственные факторы.</p></li></ul><p>Затем проводится осмотр:</p><ul><li><p>измерение роста и веса</p></li><li><p>оценка индекса массы тела</p></li><li><p>осмотр щитовидной железы</p></li><li><p>оценка физического развития.</p></li></ul><p style=\"text-align: center;\"><img src=\"https://vrukah.com/upload/articles/riskid2.jpg\" alt=\"Детская эндокринология: серьезнее, чем кажется\" width=\"687\" style=\"width: 687; height: 458;\" height=\"458\"></p><p>Для уточнения диагноза могут назначаться дополнительные исследования:</p><ul><li><p>анализы крови на гормоны</p></li><li><p>анализ уровня глюкозы</p></li><li><p>тест на гликированный гемоглобин</p></li><li><p>УЗИ щитовидной железы</p></li><li><p>другие лабораторные исследования.</p></li></ul><h2><strong>Инсулиновая помпа детям</strong></h2><p>Современным методом лечения сахарного диабета является <strong>инсулиновая помповая терапия</strong>.</p><p>Инсулиновая помпа — это устройство, которое постоянно подает инсулин малыми дозами, имитируя работу поджелудочной железы.</p><p>Преимущества помпы:</p><ul><li><p>более стабильный уровень глюкозы</p></li><li><p>снижение риска гипогликемии</p></li><li><p>удобство для ребенка</p></li><li><p>гибкость режима питания и физической активности</p></li><li><p>повышение качества жизни.</p></li></ul><h2><strong>Установка инсулиновых помп в центре «Маяк здоровья»</strong></h2><p>В нашем медицинском центре проводится полный цикл помощи детям с сахарным диабетом:</p><ul><li><p>консультация детского эндокринолога</p></li><li><p>подбор инсулиновой помпы</p></li><li><p>установка устройства</p></li><li><p>обучение родителей и ребенка</p></li><li><p>настройка индивидуальной программы подачи инсулина</p></li><li><p>регулярное наблюдение пациента.</p></li></ul><p>Специалисты центра сопровождают пациента на всех этапах лечения и помогают адаптироваться к помповой терапии.</p><h2><strong>Почему важно наблюдаться у детского эндокринолога</strong></h2><p>Многие эндокринные заболевания развиваются постепенно и могут долго не проявляться выраженными симптомами.</p><p>Регулярное наблюдение специалиста помогает:</p><ul><li><p>выявить нарушения на ранней стадии</p></li><li><p>предотвратить осложнения</p></li><li><p>контролировать гормональный баланс</p></li><li><p>обеспечить нормальное физическое развитие ребенка.</p></li></ul><h1 style=\"text-align: center;\"><img src=\"https://www.detskiymedcentr.ru/upload/iblock/5eb/dmtmlcyzrpfgml65f872y2ucouozja7u.png\" alt=\"Детский эндокринолог в Туле, консультация, прием у врача, цены на платные  услуги &ndash; центр здоровья для детей &laquo;Доктория&raquo;\" width=\"454\" style=\"width: 454; height: 463;\" height=\"463\"></h1><h2><strong>Часто задаваемые вопросы</strong></h2><h3><strong>1) В каком возрасте можно обратиться к детскому эндокринологу</strong></h3><p>Консультация возможна в любом возрасте — от младенческого до подросткового периода.</p><h3><strong>2) Нужно ли наблюдаться у эндокринолога при диабете</strong></h3><p>Да. Сахарный диабет требует регулярного контроля уровня глюкозы и коррекции лечения.</p><h3><strong>3) Можно ли заниматься спортом ребенку с диабетом</strong></h3><p>Да. При правильном контроле уровня сахара и подборе терапии дети могут вести активный образ жизни.</p><h2><strong>Запишитесь на консультацию детского эндокринолога</strong></h2><p>Если вы заметили у ребенка симптомы гормональных нарушений, важно не откладывать визит к специалисту. Ранняя диагностика позволяет вовремя выявить заболевание и подобрать эффективное лечение.</p><p>В медицинском центре <strong>«Маяк здоровья»</strong> проводится комплексная помощь детям с эндокринологическими заболеваниями:</p><ul><li><p>консультация детского эндокринолога</p></li><li><p>диагностика гормональных нарушений</p></li><li><p>лечение сахарного диабета у детей</p></li><li><p>подбор и установка инсулиновых помп</p></li><li><p>обучение родителей и пациентов</p></li><li><p>регулярное наблюдение и корректировка терапии.</p></li></ul><p><a href=\"https://lighthouse.by/service/endokrinologiya/\">Наши специалисты </a>имеют опыт ведения пациентов с различными эндокринными заболеваниями и используют современные методы диагностики и лечения.</p><p>Записаться на прием к детскому эндокринологу можно:</p><ul><li><p>по телефону 7289</p></li><li><p>через форму записи на сайте</p></li><li><p>при личном обращении в медицинский центр</p></li></ul><p>Не откладывайте заботу о здоровье ребенка — своевременная консультация детского эндокринолога помогает сохранить здоровье и обеспечить правильное развитие.</p><p><strong>Медицинский центр «Маяк здоровья» — профессиональная помощь детям с эндокринными заболеваниями.</strong></p>','Детский эндокринолог выявляет и лечит диабет, болезни щитовидной железы, нарушения роста, веса и полового развития. Проводит диагностику, наблюдение и подбор терапии, включая помпы.','2026-04-20 05:55:45','2026-04-29 14:19:55'),(13,7,'Ключевое правило для здорового сердца и сосудов','klyuchevoe-pravilo-dlya-zdorovogo-serdca-i-sosudov','Бранковская Елена Юрьевна',32,'2022-10-07 00:00:00',5,'published','images/blog/01KQDA9VSX3RKN96ANJVQC9D7W.jpg','<p style=\"line-height: inherit; text-align: justify;\"><strong>Сердечно-сосудистые заболевания</strong> по-прежнему занимают прискорбное первое место среди причин смертности и инвалидизации населения нашей страны. Многие болезни сердца и кровеносных сосудов долгое время могут <strong>протекать бессимптомно</strong>. К примеру, недаром артериальную гипертензию называют «молчаливым убийцей», так как множество пациентов не ощущают подъемов давления и обращаются к врачу уже с развившимися осложнениями, такими, как инфаркты, инсульты, поражение почек, глаз и др.</p><p style=\"line-height: inherit; text-align: center;\"><strong><img src=\"https://lighthouse.by/wp-content/uploads/2022/10/a5f5061a0c44fa349f14eb9d86cadd78-300x200.jpeg\" width=\"765\" style=\"width: 765; height: 510;\" height=\"510\"></strong></p><p style=\"line-height: inherit; text-align: justify;\">В то же время, своевременно назначенное <a href=\"https://lighthouse.by/service/kardiologiya/\">лечение заболеваний сердца и сосудов</a> и работа с факторами риска успешно помогает <strong>предотвратить развитие заболеваний и их осложнений, улучшить качество и увеличить продолжительность жизни пациентов.</strong></p><p style=\"line-height: inherit;\"><strong>Записываться на прием к кардиологу нужно:</strong></p><h3 style=\"line-height: 1.2; text-align: center;\"><strong><img src=\"https://lighthouse.by/wp-content/uploads/2022/10/735_original-300x200.jpg\" width=\"762\" style=\"width: 762; height: 509;\" height=\"509\"></strong></h3><ul><li><p style=\"line-height: inherit; text-align: justify;\">при повышении артериального давления (до 140/90 и выше). О повышенном давлении косвенно могут говорить такие признаки, как головные боли, покраснение кожи лица, шум в ушах, головокружение, тошнота и др;</p></li><li><p style=\"line-height: inherit; text-align: justify;\">при болевых ощущениях за грудиной, особенно при физических, психоэмоциональных нагрузках, повышении давления. Боль может отдавать в левую руку, лопатку, шею, нижнюю челюсть, под ребра с левой стороны;</p></li><li><p style=\"line-height: inherit; text-align: justify;\">при развитии предобморочных и обморочных состояний, частых приступов головокружения;</p></li><li><p style=\"line-height: inherit; text-align: justify;\">при учащенном сердцебиении, чувстве «перебоев» в работе сердца, чувстве «неровных ударов сердца», чувстве «остановки ритма», «переворачивания в груди»;</p></li><li><p style=\"line-height: inherit; text-align: justify;\">при появления одышки либо выраженной утомляемости при физической нагрузке и/или в покое;</p></li><li><p style=\"line-height: inherit; text-align: justify;\">при появлении двухсторонних отеков голеней, стоп, увеличении живота в объеме (не связанного с питанием).</p></li></ul><p style=\"line-height: inherit; text-align: justify;\">Даже при отсутствии каких-либо жалоб необходимо обратиться к врачу-кардиологу в следующих случаях:</p><ul><li><p style=\"line-height: inherit; text-align: justify;\">при высоком уровне общего холестерина &gt;8 ммоль/л, и/или липопротеидов низкой плотности (ЛПНП) &gt;4,9 ммоль/л;</p></li><li><p style=\"line-height: inherit; text-align: justify;\">при наличии отягощенной наследственности: сердечно-сосудистые заболевания у ближайших родственников: у женщин в возрасте до 65 лет и у мужчин в возрасте до 55 лет;</p></li><li><p style=\"line-height: inherit; text-align: justify;\">при желании пройти профилактический и убедиться в отсутствии заболеваний сердечно-сосудистой системы, а также получить рекомендации по коррекции факторов риска их развития.</p></li></ul><p style=\"line-height: inherit; text-align: justify;\">Пациентам, у которых ранее установлен диагноз заболевания сердца или сосудов, показан ежегодный (при необходимости чаще) осмотр, необходимый для своевременной коррекции лечения и предупреждения прогрессирования заболевания.</p><p style=\"line-height: inherit; text-align: justify;\">В медицинском центре «Маяк здоровья» Вы сможете пройти все необходимые диагностические процедуры, включая и не ограничиваясь электрокардиограммой и <a href=\"https://lighthouse.by/service/funkczionalnaya-diagnostika/sutochnoe-monitorirovanie-ekg-po-holteru/\">холтеровским мониторированием</a> (Холтер), <a href=\"https://lighthouse.by/service/funkczionalnaya-diagnostika/sutochnoe-monitorirovanie-arterialnogo-davleniya/\">суточным мониторированием артериального давления</a> (СМАД), <a href=\"https://lighthouse.by/service/uzi/ehokardiografiya-uzi-serdcza-s-dopplerografiej/\">УЗИ сердца</a>, УЗИ БЦА. Звоните для консультации по телефону: <a href=\"tel:375292822628\"><strong>+375 (29) 28 226 28</strong></a><strong>.</strong></p><h2 style=\"line-height: 1.2; text-align: justify;\"><strong>Что взять на осмотр к врачу-кардиологу?</strong></h2><ul><li><p style=\"line-height: inherit; text-align: justify;\">результаты имеющихся обследований сердечно-сосудистой системы:  ЭКГ – обязательно (давность желательно 7-14 дней), при наличии: УЗИ сердца, БЦА, сосудов нижних конечностей), протоколы СМАД, Холтер;</p></li><li><p style=\"line-height: inherit; text-align: justify;\">результаты анализов: биохимический анализ крови с липидограммой, общий анализ крови, общий анализ мочи.</p></li></ul><p style=\"line-height: inherit; text-align: justify;\">После опроса и осмотра врач даст Вам все необходимые рекомендации по дальнейшей диагностике, профилактике и лечению заболеваний сердечно-сосудистой системы.</p><h3 style=\"line-height: 1.2; text-align: justify;\"><strong>Подробнее о видах обследования</strong></h3><p style=\"line-height: inherit; text-align: center;\"><img src=\"https://lighthouse.by/wp-content/uploads/2022/10/voprosy-po-holterovskomu-monitorirovaniju-min-scaled-1-300x200.jpg\" width=\"685\" style=\"width: 685; height: 459;\" height=\"459\"></p><p style=\"line-height: inherit; text-align: justify;\"><strong>Электрокардиограмма</strong> – базовое обследование, которое кардиолог делает на приеме. Если нужны дополнительные данные в отношении нарушений сердечного ритма – назначается <strong>холтеровское мониторирование ЭКГ</strong>. Установленный холтер-монитор выполняет непрерывную запись ЭКГ в течение суток, которые пациент проводит в обычном ритме повседневной жизни. Затем его снимают и проводится анализ <u>сердечного ритма</u> и проводимости.</p><p style=\"line-height: inherit; text-align: justify;\">При повышении артериального давления для уточнения характера его повышения и выраженности заболевания, а также для подбора лечения назначается <strong>суточное мониторирование артериального давления (СМАД). </strong>Это также делается путем установки специального монитора, который фиксирует показатель АД в течение одних суток, затем данные анализируются и проводится анализ показателей <u>артериального давления</u>.</p><p style=\"line-height: inherit; text-align: justify;\">В МЦ «Маяк здоровья» имеется возможность установки монитора, одновременно проводящего непрерывную регистрацию ЭКГ и АД.</p><p style=\"line-height: inherit; text-align: justify;\">Высокий уровень данных диагностических исследований и квалифицированный анализ результатов позволят без проблем установить заболевание и его особенности и облегчить выбор необходимого лечения.</p><p style=\"line-height: inherit; text-align: justify;\">Важным исследованием в оценке состояния сердца является эхокардиография (УЗИ). <strong>УЗИ сердца</strong> позволяет уточнить структурные изменения сердца и его отделов, выявить нарушения сократимости, способности выполнять свою функцию по прокачке крови в системе кровообращения.</p><p style=\"line-height: inherit;\">В медицинском центре «Маяк здоровья» работают квалифицированные опытные врачи экспертного уровня, используются самые современные медицинские технологии и оборудование. Нам важно Ваше здоровье, поэтому комплексный индивидуализированный подход к пациенту – это визитная карточка медицинского центра «Маяк здоровья».</p>','Кардиолог диагностирует и лечит гипертонию, ишемическую болезнь, аритмии и другие ССЗ. Показания: боль в груди, одышка, перебои в сердце, обмороки, отеки. Проводятся ЭКГ, Холтер, СМАД, УЗИ.','2026-04-29 16:08:55','2026-04-29 17:13:40'),(14,8,'Омоложение интимной зоны Ultra Vera: HIFU-технология для здоровья и уверенности','omolozhenie-intimnoy-zony-ultra-vera-hifu-tehnologiya-dlya-zdorovya-i-uverennosti','Сафина Мадина Рауфовна',36,'2025-12-09 00:00:00',7,'published','images/blog/01KQDJEY6XYVKJSDPN1VWCJVC7.jpg','<p>Если вы ищете способ <a href=\"https://lighthouse.by/service/ginekologiya/\">вернуть тонус интимным мышцам</a> и повысить качество жизни, <a href=\"https://lighthouse.by/service/ginekologiya/\"><strong>процедура на Ultra Vera</strong></a> предложит вам неинвазивное и эффективное решение. Современная гинекология активно применяет данный аппарат нового поколения, в основе работы которого лежит передовая технология HIFU (высокоинтенсивного фокусированного ультразвука). Услуга проводится <strong><em>без хирургического вмешательства</em></strong>, позволяя женщинам быстро и безопасно достичь желаемого результата.</p><p style=\"line-height: inherit; text-align: center;\"><img src=\"https://inomedis.by/upload/resize_cache/iblock/1f5/656_544_2/Doublo-Ultra-Vera-min.png\" alt=\"Picture background\" width=\"610\" style=\"width: 610; height: 506;\" height=\"506\"></p><h2 style=\"line-height: 1.2;\"><strong>Технология Ultra Vera: Описание и принцип действия</strong></h2><p style=\"line-height: inherit;\">Ультразвуковые волны, генерируемые прибором, фокусируются в глубоких слоях слизистой и соединительной ткани. В месте фокусировки создается зона микротермального нагрева, температура которого достигает 60°C. Поверхность слизистой оболочки при этом остается неповрежденной, что гарантирует безопасность методики.</p><p style=\"line-height: inherit;\"><strong>Как достигается лифтинг-эффект:</strong></p><ol start=\"1\"><li><p style=\"line-height: inherit;\"><strong>Немедленное сокращение:</strong> Под действием тепла происходит моментальное сокращение имеющихся коллагеновых волокон, что обеспечивает быстрый эффект подтяжки.</p></li><li><p style=\"line-height: inherit;\"><strong>Неоколлагенез:</strong> Активируются фибробласты – клетки, ответственные за выработку коллагена и эластина. На протяжении следующих недель и месяцев запускается процесс образования новых, упругих волокон. Данная выработка нового коллагена делает результат естественным и пролонгированным.</p></li></ol><p style=\"line-height: inherit;\">Благодаря использованию трех сменных картриджей, врач подбирает оптимальные параметры воздействия: от поверхностного укрепления слизистой до глубокой стимуляции соединительного слоя. Сеанс длится всего около 30–40 минут и не требует анестезии.</p><p style=\"line-height: inherit;\">В медицинском центре «Маяк здоровья» Вы сможете пройти необходимую диагностику, включая <a href=\"https://lighthouse.by/service/ginekologiya/\">консультацию врача-гинеколога</a>, <a href=\"https://lighthouse.by/service/uzi/uzi-organov-malogo-taza-transabdominalno-transvaginalno/\">УЗИ малого таза</a> перед процедурой. Звоните для консультации по телефону: <a href=\"tel:375292822628\"><strong>+375 (29) 28 226 28</strong></a><strong>.</strong></p><h3 style=\"line-height: 1.2; text-align: center;\"><strong><img src=\"http://hironic.com/static/image/product/UV/content6.png\" alt=\"Picture background\" width=\"851\" style=\"width: 851; height: 420;\" height=\"420\"></strong></h3><h2 style=\"line-height: 1.2;\"><strong>Когда рекомендовано омоложение Ultra Vera: Показания к процедуре</strong></h2><p style=\"line-height: inherit;\">Методика Ultra Vera показана не только для эстетического преображения, но и для устранения функциональных нарушений интимной сферы.</p><p style=\"line-height: inherit;\"><strong>Основные показания к применению:</strong></p><ul><li><p style=\"line-height: inherit;\"><strong>Синдром вагинальной релаксации</strong> (ослабление стенок влагалища).</p></li><li><p style=\"line-height: inherit;\"><strong>Стрессовое недержание мочи</strong>.</p></li><li><p style=\"line-height: inherit;\"><strong>Опущение стенок влагалища</strong>.</p></li><li><p style=\"line-height: inherit;\">Вульвовагинальная атрофия, сопровождающаяся <strong>хронической сухостью</strong> или снижением чувствительности.</p></li><li><p style=\"line-height: inherit;\"><strong>Болезненные ощущения при интимной близости (диспареуния)</strong>.</p></li><li><p style=\"line-height: inherit;\">Послеродовые изменения, включая снижение тонуса мышц тазового дна.</p></li></ul><h2 style=\"line-height: 1.2;\"><strong>Противопоказания и подготовка к процедуре</strong></h2><p style=\"line-height: inherit;\">Перед началом лечения гинеколог центра «Маяк здоровья» обязательно проводит осмотр и при необходимости назначает лабораторное обследование для исключения противопоказаний.</p><p style=\"line-height: inherit;\"><strong>Противопоказания.</strong> Несмотря на высокую безопасность, существует ряд ограничений к проведению данной процедуры:</p><ul><li><p style=\"line-height: inherit;\">Беременность, а также период лактации.</p></li><li><p style=\"line-height: inherit;\">Острые воспалительные процессы мочеполовой системы.</p></li><li><p style=\"line-height: inherit;\">Онкологические заболевания органов малого таза.</p></li><li><p style=\"line-height: inherit;\">Менструация на момент проведения сеанса.</p></li></ul><p style=\"line-height: inherit;\"><strong>Рекомендации по подготовке.</strong> Специальная подготовка не требуется. Достаточно следовать нескольким простым правилам:</p><ul><li><p style=\"line-height: inherit;\">Сеанс следует проводить вне менструального цикла.</p></li><li><p style=\"line-height: inherit;\">За 1–2 дня до визита следует воздержаться от интимной близости.</p></li></ul><h2 style=\"line-height: 1.2;\"><strong>Долгосрочные результаты и преимущества метода</strong></h2><p style=\"line-height: inherit;\">Клинические наблюдения демонстрируют уникальные результаты, которые невозможно получить при помощи иных методик, в том числе лазерного воздействия.</p><h3 style=\"line-height: 1.2; text-align: center;\"><strong><img src=\"https://avatars.mds.yandex.net/i?id=3049e28f35274eb2a62895b662edae871c38e82b-10124751-images-thumbs&amp;ref=rim&amp;n=33&amp;w=480&amp;h=169\" alt=\"Picture background\" width=\"694\" style=\"width: 694; height: 244;\" height=\"244\"></strong></h3><p style=\"line-height: inherit;\"><strong>Получение результатов.</strong> Уже после одного сеанса пациенты отмечают:</p><ul><li><p style=\"line-height: inherit;\">Выраженное повышение тонуса и упругости стенок влагалища.</p></li><li><p style=\"line-height: inherit;\">Уменьшение симптомов недержания мочи.</p></li><li><p style=\"line-height: inherit;\">Исчезновение сухости, жжения и дискомфорта.</p></li><li><p style=\"line-height: inherit;\">Стойкий лифтинг-эффект сохраняется от 12 месяцев до нескольких лет.</p></li></ul><p style=\"line-height: inherit;\"><strong>Уход после процедуры для быстрого восстановления:</strong> Длительный восстановительный период не требуется, пациентка сразу возвращается к привычной активности. Единственное ограничение — воздержание от половых контактов, горячих ванн и посещения сауны <strong>в течение 3 дней</strong>.</p><h2 style=\"line-height: 1.2;\"><strong>Запишитесь на процедуру Ultra Vera в «Маяк здоровья»</strong></h2><p style=\"line-height: inherit;\">Выбирая <strong>«Маяк здоровья»</strong>, вы выбираете эксклюзивность, безопасность и опыт. Мы — один из немногих медицинских центров в Беларуси, где доступен аппарат <strong>Ultra Vera</strong>. Процедуру проводит врач-гинеколог с большим стажем, гарантируя индивидуальный подход и максимальную эффективность. <strong>Не откладывайте свое здоровье и комфорт.</strong></p><p style=\"line-height: inherit;\"><strong>Запишитесь на консультацию к врачу-гинекологу, чтобы:</strong></p><ul><li><p style=\"line-height: inherit;\">Точно определить, подходит ли вам методика HIFU.</p></li><li><p style=\"line-height: inherit;\">Узнать, какие результаты процедура даст именно в вашем случае.</p></li></ul><p style=\"line-height: inherit;\"><strong>Сделайте первый шаг к возвращению уверенности и яркости ощущений!</strong></p><p style=\"line-height: inherit; text-align: justify;\">В медицинском центре «Маяк здоровья» работают квалифицированные опытные врачи экспертного уровня, используются самые современные медицинские технологии и оборудование. Нам важно Ваше здоровье, поэтому комплексный индивидуализированный подход к пациенту – это визитная карточка медицинского центра «Маяк здоровья».</p>','Интимное омоложение Ultra Vera — неинвазивная HIFU-процедура для укрепления тканей, повышения тонуса и устранения сухости, недержания и послеродовых изменений. Быстрый эффект лифтинга без операции.','2026-04-29 18:31:30','2026-04-29 18:33:57'),(15,9,'Кто такой проктолог и какие процедуры проводит','kto-takoy-proktolog-i-kakie-procedury-provodit','Гресь Александр Николаевич',37,'2022-09-18 00:00:00',7,'published','images/blog/01KQEK9QQEPKPTN5Z2GH8WA0AK.jpg','<p>Проктолог – это врач, который лечит инфекционные, воспалительные, паразитарные и онкологические заболевания прямой кишки, кишечника и ануса. Именно этот врач проводит осмотр пациентов.</p><h2 style=\"line-height: 1.2; text-align: justify;\"><strong>Какие болезни лечит врач у женщин?</strong></h2><p style=\"line-height: inherit; text-align: justify;\">Женский проктолог занимается лечением:</p><ul><li><p>Геморроя;</p></li><li><p>Трещин анального отверстия;</p></li><li><p>Полипов в толстой кишке;</p></li><li><p>Парапроктитов;</p></li><li><p>Глистных инвазий;</p></li><li><p>Опухолей.</p></li></ul><h2 style=\"line-height: 1.2; text-align: justify;\"><strong>Какие болезни лечит у мужчин?</strong></h2><p style=\"line-height: inherit; text-align: justify;\">Мужские проктологи занимаются лечением тех же заболеваний, что и у женщин.</p><p style=\"line-height: inherit; text-align: justify;\">Разница лишь в эстетике посещения врача. Поэтому, чаще всего женщины посещают прием врача проктолога-женщины, а мужчины – проктолога-мужчины.</p><p style=\"line-height: inherit; text-align: justify;\">Рассмотрим основные виды процедур, которые используются в проктологии. Как подготовиться к приему и следующим манипуляциям читайте здесь: <a href=\"https://lighthouse.by/service/proktologiya/podgotovka-k-osmotru-proktologa/\">Как подготовиться к осмотру проктолога</a>.</p><h2 style=\"line-height: 1.2; text-align: justify;\"><strong>Аноскопия</strong></h2><p style=\"line-height: inherit; text-align: justify;\">Аноскопия – осмотр анального канала и нижней части прямой кишки. Делают ее с помощью <u>смотрового аноскопа</u>, в среднем длина рабочей части составляет 7 — 8 см. Часто люди интересуются, аноскопия это <strong>больно или нет?</strong> Отвечаем – это скорее неприятно, <strong>болезненных ощущений вы не почувствуете</strong>, учитывая небольшой размер прибора.</p><p style=\"line-height: inherit; text-align: center;\"><img src=\"https://lighthouse.by/wp-content/uploads/2022/09/anoskopiya-300x200.jpg\" width=\"641\" style=\"width: 641; height: 427;\" height=\"427\"></p><p style=\"line-height: inherit; text-align: justify;\">Показаниями к проведению аноскопии являются:</p><ul><li><p>чувство дискомфорта, «инородного тела» в прямой кишке и анальном канале;</p></li><li><p>боль, жжение во время и после дефекации;</p></li><li><p>патологические выделение из прямой кишки (крови, слизи, гноя);</p></li><li><p>затруднение при опорожнении кишечника;</p></li><li><p>зуд в анальной области;</p></li><li><p>образования в анальной и крестцово-копчиковой области;</p></li><li><p>запоры, диарея;</p></li><li><p>контрольные осмотры во время и после проведенного лечения.</p></li></ul><p style=\"line-height: inherit; text-align: justify;\">Имеются и противопоказания к проведению аноскопического исследования:</p><ul><li><p>острая стадия воспаления,</p></li><li><p>циркулярный тромбоз геморроидальных узлов,</p></li><li><p>спазм анального сфинктера,</p></li><li><p>рубцовые изменения анального канала, приводящего к его значительному сужению.</p></li></ul><p style=\"line-height: inherit; text-align: justify;\"><strong>В нашем медицинском центре Маяк Здоровья</strong> <strong>стоимость аноскопии составляет от 90 рублей. Открыта запись на прием проктолога. Звоните для консультации по телефону: <a href=\"tel:375292822628\">+375 (29) 28 226 28</a>.</strong></p><h2 style=\"line-height: 1.2; text-align: justify;\"><strong>Ректороманоскопия</strong></h2><p style=\"line-height: inherit; text-align: justify;\"><strong>Ректороманоскопия</strong> – это разновидность эндоскопического исследования, позволяющая детально изучить нижний (конечный) отдел пищеварительного тракта, а также провести забор ткани на биопсию, удаление инородного тела и другие манипуляции.</p><p style=\"line-height: inherit; text-align: center;\"><strong><img src=\"https://lighthouse.by/wp-content/uploads/2022/09/rektoromanoskop-300x236.jpg\" width=\"550\" style=\"width: 550; height: 433;\" height=\"433\"></strong></p><p style=\"line-height: inherit; text-align: justify;\">Этот метод эндоскопии производится путем введения в полость прямой кишки прибора – <strong>ректороманоскопа</strong>. Процедуру проводят амбулаторно после предварительной подготовки, включающей очищение кишечника. То есть, вся <u>подготовка к ректороманоскопии</u> сводится к очистке кишечника.</p><p style=\"line-height: inherit; text-align: justify;\">В отличие от колоноскопии, данное обследование касается небольшого участка толстой кишки (прямая кишка и часть сигмовидной – всего <u>до 25 см</u>), поэтому не занимает много времени, проводится <strong>без наркоза</strong> и относительно легко переносится пациентами.</p><p style=\"line-height: inherit; text-align: justify;\"><strong>В нашем медицинском центре Маяк Здоровья</strong> <strong>стоимость ректороманоскопии составляет от 90 рублей. Открыта запись на прием. Звоните для консультации по телефону: <a href=\"tel:375292822628\">+375 (29) 28 226 28</a>.</strong></p><h2 style=\"line-height: 1.2; text-align: justify;\"><strong>Электрокоагуляция</strong></h2><p style=\"line-height: inherit; text-align: justify;\"><strong>Электрокоагуляция папиллом, кондилом</strong></p><p style=\"line-height: inherit; text-align: justify;\">Электрокоагуляция – это процедура, направленная на устранение образований (папиллом, кондилом) путём воздействия на них током высокой частоты.</p><p style=\"line-height: inherit; text-align: justify;\">При проведении процедуры используют местную анестезию. Рекомендации после проведённой процедуры:</p><ol start=\"1\"><li><p>Регулярно обрабатывать ранки согласно назначениям лечащего врача</p></li><li><p>Обязательно обратиться за медицинской помощью, если боль, краснота либо отёчность не прошли через 48 часов после процедуры.</p></li><li><p>Необходимо отказаться от посещения бань, саун, пляжей и солярия на период восстановления.</p></li></ol><p style=\"line-height: inherit; text-align: justify;\"><strong>В нашем медицинском центре Маяк Здоровья</strong> <strong>стоимость электрокоагуляции составляет от 180 рублей и зависит от сложности проведения процедуры. Звоните для консультации по телефону: <a href=\"tel:375292822628\">+375 (29) 28 226 28</a>.</strong></p><h2 style=\"line-height: 1.2; text-align: justify;\"><strong>Лазерная деструкция наружного геморроидального узла</strong></h2><p style=\"line-height: inherit; text-align: justify;\">Малоинвазивный (с минимальным вмешательством) метод лечения наружного геморроя.</p><p style=\"line-height: inherit; text-align: justify;\">Процедура подразумевает под собой использование волн лазерного излучения, в результате чего на месте геморроидальных узлов развивается рубцовая ткань и геморрой «отступает».</p><p style=\"line-height: inherit; text-align: justify;\"><a href=\"https://lighthouse.by/service/proktologiya/lazernaya-destrukcziya-naruzhnogo-gemorroidalnogo-uzla/\">Процедура</a> выполняется проктологом амбулаторно под местной анестезией.</p><p style=\"line-height: inherit; text-align: justify;\"><strong>В нашем медицинском центре Маяк Здоровья</strong> <strong>стоимость данной процедуры составляет 800 рублей. Открыта запись на прием. Звоните для консультации по телефону: <a href=\"tel:375292822628\">+375 (29) 28 226 28</a>.</strong></p><h2 style=\"line-height: 1.2; text-align: justify;\"><strong>Лазерное лечение хронической анальной трещины</strong></h2><p style=\"line-height: inherit; text-align: justify;\">Лазерное лечение анальных трещин давно зарекомендовало себя как малоинвазивное (с минимальным вмешательством).</p><p style=\"line-height: inherit; text-align: justify;\">Суть процедуры представляет собой воздействие под местной анестезией лазерным лучом на поверхность анальной трещины, не повреждая здоровые ткани.</p><p style=\"line-height: inherit; text-align: center;\"><img src=\"https://lighthouse.by/wp-content/uploads/2022/09/surgitron-210x300.jpg\" width=\"407\" style=\"width: 407; height: 581;\" height=\"581\"></p><p style=\"line-height: inherit; text-align: justify;\"><strong>В нашем медицинском центре Маяк Здоровья</strong> <strong>стоимость лазерной процедуры составляет 810 рублей. Открыта запись на прием. Звоните для консультации по телефону: <a href=\"tel:375292822628\">+375 (29) 28 226 28</a>.</strong></p><h2 style=\"line-height: 1.2; text-align: justify;\"><strong>Лечение хронической анальной трещины на аппарате Surgitron</strong></h2><p style=\"line-height: inherit; text-align: justify;\">Аппарат Surgitron (Сургитрон) – эффективный метод борьбы с заболеванием, основанный на воздействии радиоволной.</p><p style=\"line-height: inherit; text-align: justify;\">Аппарат направляет <u>интенсивный пучок излучения</u>, который воздействует на анальную трещину. При этом Surgitron не затрагивает здоровые ткани.</p><p style=\"line-height: inherit; text-align: justify;\"><strong>В нашем медицинском центре Маяк Здоровья</strong> <strong>стоимость лечения на Сургитроне составляет 650 рублей. Открыта запись на прием. Звоните для консультации по телефону: <a href=\"tel:375292822628\">+375 (29) 28 226 28</a>.</strong></p><h2 style=\"line-height: 1.2; text-align: justify;\"><strong>Удаление анальной бахромки с наложением швов</strong></h2><p style=\"line-height: inherit; text-align: justify;\">Анальные бахромки – это нависающие по периметру анального отверстия кожные складки, которые могут создавать сложности при проведении гигиены: в них могут скапливаться загрязнения, что бывает причиной воспалительных процессов анальной зоны.</p><p style=\"line-height: inherit; text-align: justify;\">При проведении данной <a href=\"https://lighthouse.by/service/proktologiya/udalenie-analnoj-bahromki-apparatom-surgitron-s-nalozheniem-shvov/\">процедуры</a> используют местную анестезию. Она подразумевает под собой использование радиоволн или лазерного излучения, т.е. врач не прибегает к такому инструменту как скальпель.</p><p style=\"line-height: inherit; text-align: justify;\"><strong>В нашем медицинском центре Маяк Здоровья стоимость Удаление анальной бахромки составляет 600 рублей. Открыта запись на прием. Звоните для консультации по телефону: <a href=\"tel:375292822628\">+375 (29) 28 226 28</a>.</strong></p>','Проктолог диагностирует и лечит геморрой, анальные трещины, полипы, воспаления и опухоли. Проводит осмотр, аноскопию, ректороманоскопию и малоинвазивные процедуры: лазер электрокоагуляцию.','2026-04-30 04:05:23','2026-04-30 04:08:09'),(16,8,'Интимная красота и здоровье','intimnaya-krasota-i-zdorove','Сафина Мадина Рауфовна',36,'2021-08-01 00:00:00',5,'published','images/blog/01KQEQYRC5TKM6Z9DT12GTD2EK.jpg','<p>Внешняя часть гениталий является объектом заботы женщин, страдающих от мысли, что теряют сексуальную привлекательность. Этими проблемами занимается гинеколог- специалист в эстетической гинекологии.</p><p>Однако, сфера проблем, связанных с интимной зоной, гораздо шире, включает множество болезней, с которыми многие гинекологи не знакомы, это дерматологические болезни, предопухолевые и опухолевые заболевания.</p><p>Мы диагностируем и лечим весь спектр болезней вульвы:</p><ul><li><p>Воспалительные заболевания, связанные с различными инфекциями, передающимися половым путем и неспецифическими, вызванными вирусом простого герпеса и другими, даже самыми редкими вирусами;</p></li><li><p>Воспалительные заболевания кожи и придатков (сальных желез, волосяных фолликулов), связанные с нарушением баланса микробов промежности, часто у больных с сахарным диабетом;</p></li><li><p>Аутоиммунными воспалительными заболеваниями — лейкоплакия и крауроз, псориаз и др.;</p></li><li><p>Астрофическими заболеваниями наружных половых органов, связанными с возрастным истончением или утолщением тканей и повышенной ранимостью;</p></li><li><p>Проблемы, связанные с нарушением пигментации тканей – потемнение (тотальное или локальное), постакне);</p></li><li><p>Локальные изменения — фурункулы, атеромы, папилломы промежности (то, что называют бородавками), эндометриоз и красные сосудистые пятна;</p></li><li><p>Кисты и узлы в области половых губ, влагалища и промежности;</p></li><li><p>Рубцовые изменения в области половых губ, влагалища и промежности, в том числе послеродовые;</p></li><li><p>Сухость тканей половых органов –различного происхождения;</p></li><li><p>Эстетические дефекты, связанные с внешним видом — увеличение, ассиметрия, малые размеры половых губ, зияние входа во влагалище.</p></li><li><p>Восстановление девственности, искусственное рассечение плевы.</p></li></ul><h2>Когда следует обращаться и какие симптомы требуют внимания?</h2><ul><li><p>Боли, раздражение, зуд в области наружных половых органов</p></li><li><p>Боли при половом контакте или от прикосновения белья</p></li><li><p>Сухость, дискомфорт, отсутствие сексуального удовлетворения, отсутствие либидо</p></li><li><p>Чрезмерное увеличенные малые половые губы или их асимметрия</p></li><li><p>Чрезмерно малые «вялые» половые губы, атрофия тканей</p></li><li><p>Разрывы промежности в родах, рубцы после ушиваний</p></li><li><p>Зияние половой щели, звуки выхлопа газов или истечение жидкости из влагалища</p></li><li><p>Наличие уплотнений, кист, образований на наружных половых органах и промежности</p></li><li><p>Появление трещин или изъязвлений, наличие кровоточащих зон</p></li><li><p>Наличие фурункулов, пузырьков, покраснения в области наружных половых органов</p></li><li><p>Увеличение и уплотнение лимфоузлов в паху</p></li><li><p>Опущение или выпячивание стенок влагалища вприсядку</p></li><li><p>Недержание мочи при кашле, чихании, смехе и др. обстоятельствах</p></li></ul><h2>Виды диагностики:</h2><p>1. Расширенная вульвоскопия – исследование тканей половых органов под микроскопом с увеличением в 30 раз- для выявления причин изменений (воспалительных, опухолевых, дерматологических, сосудистых, посттравматических)</p><p>2. Цитология — берется прицельно с наиболее измененных участков при вульвоскопии, для исключения рака.</p><p>3. Биопсия- взятие под обезболиванием кусочка тканей с подозрительных участков (для исключения рака и предраковых заболеваний).</p><p>4. Бактериологическое исследование — взятие биоматериала для идентификации возбудителя при инфекциях, в т.ч. из фурункулов.</p><p>5. Взятие соскоба тканей — для идентификации кожных болезней.</p><p>6. Пункционная биопсия – получение кусочка тканей из поражений в глубине тканей или лимфоузлов методом прокола кожи и подозрительного образования.</p><h2>Лечение</h2><p>1. Общее или системное: при воспалительных, аутоиммунных, дистрофических заболеваниях, коррекция нарушения обмена или дефицитов, приводящих к этим болезням.</p><p>2. Местное лечение: комплексное с использованием противовоспалительных, рассасывающих, гормональных средств, защитных и обезболивающих кремов и гелей.</p><p>3. Деструктивные методы воздействия: прижигание и выпаривание изменений тканей с применением современных щадящих энергий — лазерные, радиоволновые, отшелушивающие методики.</p><p>4. Хирургические: удаление кист, опухолевидных поражений (с обязательным исследованием удаленных тканей на злокачественность), по необходимости с последующей пластикой и использованием внутрикожных швов.</p><p>5. Методы эстетической гинекологии:</p><ul><li><p>введение филлеров в ткани наружных органов для создания необходимых объемов;</p></li><li><p>проведение ревитализации (восстановления) тканей при сухости, трещинах, болезненном половом акте);</p></li><li><p>лазеротерапия для коррекции дряблой кожи и интимного лифтинга (подтяжки) тканей влагалища;</p></li><li><p>плазмотерапия — при длительных повторяющихся инфекциях («плохие мазки»), рубцовых изменениях, истончения тканей (возрастных, гормональных или аутоиммунных);</p></li></ul><p>6. Пластическое операции с использованием минимально инвазивных методик: —</p><p>наложение нитей для армирования и сужения и подтяжки тканей входа во влагалище, иссечение рубцов с пластикой.</p><p>7. Введение филлеров в ткани мочеиспускательного канала при недержании мочи – для создания манжетки вокруг канала, сужения и запирания мочевого пузыря.</p><p>8. Удаление кист, полипов, папиллом.</p><p>9. Классические пластические операции на нижних отделах влагалища и промежности при синдроме релаксации тазового дна и опущениях стенок влагалища.</p><p>10. Восстановление девственности, искусственное рассечение плевы (при заращении или по эстетическим желаниям женщины).</p>','Эстетическая гинекология: диагностика и лечение заболеваний вульвы, включая воспаления, дерматозы и опухоли. Коррекция сухости, боли, дефектов и недержания с помощью современных методов.','2026-04-30 05:26:46','2026-04-30 05:29:00');
/*!40000 ALTER TABLE `articles` ENABLE KEYS */;
UNLOCK TABLES;

--
-- Table structure for table `cache`
--

DROP TABLE IF EXISTS `cache`;
/*!40101 SET @saved_cs_client     = @@character_set_client */;
/*!50503 SET character_set_client = utf8mb4 */;
CREATE TABLE `cache` (
  `key` varchar(255) CHARACTER SET utf8mb4 COLLATE utf8mb4_unicode_ci NOT NULL,
  `value` mediumtext CHARACTER SET utf8mb4 COLLATE utf8mb4_unicode_ci NOT NULL,
  `expiration` bigint NOT NULL,
  PRIMARY KEY (`key`),
  KEY `cache_expiration_index` (`expiration`)
) ENGINE=InnoDB DEFAULT CHARSET=utf8mb4 COLLATE=utf8mb4_unicode_ci;
/*!40101 SET character_set_client = @saved_cs_client */;

--
-- Dumping data for table `cache`
--

LOCK TABLES `cache` WRITE;
/*!40000 ALTER TABLE `cache` DISABLE KEYS */;
/*!40000 ALTER TABLE `cache` ENABLE KEYS */;
UNLOCK TABLES;

--
-- Table structure for table `cache_locks`
--

DROP TABLE IF EXISTS `cache_locks`;
/*!40101 SET @saved_cs_client     = @@character_set_client */;
/*!50503 SET character_set_client = utf8mb4 */;
CREATE TABLE `cache_locks` (
  `key` varchar(255) CHARACTER SET utf8mb4 COLLATE utf8mb4_unicode_ci NOT NULL,
  `owner` varchar(255) CHARACTER SET utf8mb4 COLLATE utf8mb4_unicode_ci NOT NULL,
  `expiration` bigint NOT NULL,
  PRIMARY KEY (`key`),
  KEY `cache_locks_expiration_index` (`expiration`)
) ENGINE=InnoDB DEFAULT CHARSET=utf8mb4 COLLATE=utf8mb4_unicode_ci;
/*!40101 SET character_set_client = @saved_cs_client */;

--
-- Dumping data for table `cache_locks`
--

LOCK TABLES `cache_locks` WRITE;
/*!40000 ALTER TABLE `cache_locks` DISABLE KEYS */;
/*!40000 ALTER TABLE `cache_locks` ENABLE KEYS */;
UNLOCK TABLES;

--
-- Table structure for table `clients`
--

DROP TABLE IF EXISTS `clients`;
/*!40101 SET @saved_cs_client     = @@character_set_client */;
/*!50503 SET character_set_client = utf8mb4 */;
CREATE TABLE `clients` (
  `id` bigint unsigned NOT NULL AUTO_INCREMENT,
  `phone` varchar(32) CHARACTER SET utf8mb4 COLLATE utf8mb4_unicode_ci NOT NULL,
  `last_name` varchar(255) CHARACTER SET utf8mb4 COLLATE utf8mb4_unicode_ci NOT NULL,
  `first_name` varchar(255) CHARACTER SET utf8mb4 COLLATE utf8mb4_unicode_ci NOT NULL,
  `middle_name` varchar(255) CHARACTER SET utf8mb4 COLLATE utf8mb4_unicode_ci DEFAULT NULL,
  `gender` enum('male','female') CHARACTER SET utf8mb4 COLLATE utf8mb4_unicode_ci DEFAULT NULL,
  `birth_date` date DEFAULT NULL,
  `phone_verified_at` timestamp NULL DEFAULT NULL,
  `remember_token` varchar(100) CHARACTER SET utf8mb4 COLLATE utf8mb4_unicode_ci DEFAULT NULL,
  `created_at` timestamp NULL DEFAULT NULL,
  `updated_at` timestamp NULL DEFAULT NULL,
  PRIMARY KEY (`id`),
  UNIQUE KEY `clients_phone_unique` (`phone`)
) ENGINE=InnoDB AUTO_INCREMENT=4 DEFAULT CHARSET=utf8mb4 COLLATE=utf8mb4_unicode_ci;
/*!40101 SET character_set_client = @saved_cs_client */;

--
-- Dumping data for table `clients`
--

LOCK TABLES `clients` WRITE;
/*!40000 ALTER TABLE `clients` DISABLE KEYS */;
/*!40000 ALTER TABLE `clients` ENABLE KEYS */;
UNLOCK TABLES;

--
-- Table structure for table `directions`
--

DROP TABLE IF EXISTS `directions`;
/*!40101 SET @saved_cs_client     = @@character_set_client */;
/*!50503 SET character_set_client = utf8mb4 */;
CREATE TABLE `directions` (
  `id` bigint unsigned NOT NULL AUTO_INCREMENT,
  `name` varchar(255) CHARACTER SET utf8mb4 COLLATE utf8mb4_unicode_ci NOT NULL,
  `slug` varchar(255) CHARACTER SET utf8mb4 COLLATE utf8mb4_unicode_ci NOT NULL,
  `description` text CHARACTER SET utf8mb4 COLLATE utf8mb4_unicode_ci,
  `details` json DEFAULT NULL,
  `icon` varchar(255) CHARACTER SET utf8mb4 COLLATE utf8mb4_unicode_ci DEFAULT NULL,
  `icon_image` varchar(255) CHARACTER SET utf8mb4 COLLATE utf8mb4_unicode_ci DEFAULT NULL,
  `image` varchar(255) CHARACTER SET utf8mb4 COLLATE utf8mb4_unicode_ci DEFAULT NULL,
  `status` enum('active','hidden') CHARACTER SET utf8mb4 COLLATE utf8mb4_unicode_ci NOT NULL DEFAULT 'active',
  `sort_order` int NOT NULL DEFAULT '0',
  `created_at` timestamp NULL DEFAULT NULL,
  `updated_at` timestamp NULL DEFAULT NULL,
  PRIMARY KEY (`id`),
  UNIQUE KEY `directions_name_unique` (`name`),
  UNIQUE KEY `directions_slug_unique` (`slug`)
) ENGINE=InnoDB AUTO_INCREMENT=31 DEFAULT CHARSET=utf8mb4 COLLATE=utf8mb4_unicode_ci;
/*!40101 SET character_set_client = @saved_cs_client */;

--
-- Dumping data for table `directions`
--

LOCK TABLES `directions` WRITE;
/*!40000 ALTER TABLE `directions` DISABLE KEYS */;
INSERT INTO `directions` VALUES (1,'Терапия','terapiya','Первичный приём и лечение у терапевта','{\"banner\": \"images/hero-doctor.png\", \"general\": \"Терапевт — первый контакт пациента с клиникой: сбор жалоб, осмотр, направления на анализы и инструментальные методы, выписка справок, ведение хронических заболеваний и диспансеризация.\", \"when_list\": [\"ОРВИ, подъём температуры, слабость без ясного диагноза\", \"Хронические болезни: гипертония, ИБС, бронхит и др.\", \"Профилактический осмотр и чек-ап\", \"Нужны направления к узким специалистам\", \"Оформление справок для работы и учёбы — по правилам клиники\"], \"conclusion\": \"При острых состояниях врач определит срочность и необходимость госпитализации.\", \"treat_list\": [\"Приём и первичная диагностика\", \"Расшифровка анализов\", \"Диспансеризация\", \"Ведение хронических заболеваний\", \"Направления к профильным специалистам\"], \"when_subtitle\": \"Когда записаться к терапевту?\", \"treat_subtitle\": \"Чем помогает терапевт\"}','fa-stethoscope',NULL,NULL,'active',8,'2026-04-20 05:55:44','2026-04-20 11:17:13'),(2,'Кардиология','kardiologiya','Диагностика и лечение заболеваний сердца и сосудов','{\"banner\": \"images/hero-doctor.png\", \"general\": \"Кардиологическое направление объединяет приём кардиолога, функциональную диагностику и подбор терапии при гипертонии, ишемии, аритмиях и других состояниях. Мы ориентируемся на современные клинические рекомендации и сопровождаем пациента от первичной консультации до контрольных визитов.\", \"when_list\": [\"Повышенное давление, головокружения, отёки\", \"Боли или дискомфорт в груди, перебои в сердце\", \"Одышка при нагрузке, слабость\", \"Наследственная отягощённость по сердечно-сосудистым заболеваниям\", \"Подготовка к операции или спорту — чек-ап сердца\"], \"conclusion\": \"При острых болях в груди и выраженной одышке необходима неотложная помощь; в плановых случаях мы подберём обследование и лечение.\", \"treat_list\": [\"Консультации кардиолога\", \"ЭКГ и расшифровка\", \"Эхокардиография (УЗИ сердца)\", \"Холтеровское мониторирование и СМАД — по показаниям\", \"Коррекция терапии и диспансерное наблюдение\"], \"when_subtitle\": \"Когда обратиться к кардиологу?\", \"treat_subtitle\": \"Что входит в направление\"}','fa-heartbeat',NULL,NULL,'active',10,'2026-04-20 05:55:44','2026-04-20 11:17:13'),(3,'Неврология','nevrologiya','Диагностика и лечение заболеваний нервной системы','{\"banner\": \"images/hero-doctor.png\", \"general\": \"Неврологи занимаются головными болями, болями в спине и шее, нарушениями чувствительности, головокружениями, последствиями травм и инсультов в стадии реабилитации. При необходимости назначаются ЭЭГ, ЭНМГ и другие методы.\", \"when_list\": [\"Регулярные или сильные головные боли\", \"Боль, онемение в конечностях, шее, пояснице\", \"Головокружения, шум в ушах — после исключения срочной патологии\", \"Нарушения сна, вегетативные симптомы — по показаниям\", \"Направление после травмы или для динамического наблюдения\"], \"conclusion\": \"При внезапном слабости в конечностях, нарушении речи или сознания нужна скорая помощь.\", \"treat_list\": [\"Консультации невролога\", \"Лечение головных болей и болевого синдрома спины\", \"ЭЭГ и ЭНМГ — по назначению\", \"Блокады при болевом синдроме — по протоколу\", \"Рекомендации по режиму и терапии\"], \"when_subtitle\": \"Когда к неврологу?\", \"treat_subtitle\": \"Направление включает\"}','fa-brain',NULL,NULL,'active',12,'2026-04-20 05:55:44','2026-04-20 11:17:13'),(5,'Гинекология','ginekologiya','Женское здоровье, ведение беременности','{\"banner\": \"images/hero-doctor.png\", \"general\": \"Гинекология в «Маяк Здоровья» — это комплексный подход к женскому здоровью: от профилактики и планирования беременности до лечения воспалительных процессов и доброкачественных образований. Врачи ведут приём в комфортных кабинетах, при необходимости назначают УЗИ и лабораторную диагностику.\", \"when_list\": [\"Нарушения менструального цикла, болезненные месячные\", \"Планирование беременности, подготовка к зачатию\", \"Беременность: ведение и консультации\", \"Выделения, дискомфорт, боль внизу живота\", \"Профилактический осмотр раз в год\"], \"conclusion\": \"Не откладывайте визит при появлении симптомов — ранняя диагностика упрощает лечение и сохраняет репродуктивное здоровье.\", \"treat_list\": [\"Консультации и осмотры гинеколога\", \"УЗИ органов малого таза\", \"Ведение беременности\", \"Лечение воспалительных заболеваний\", \"Подбор контрацепции и реабилитация после родов\"], \"when_subtitle\": \"Когда записаться к гинекологу?\", \"treat_subtitle\": \"Чем мы можем помочь\"}','fa-user-doctor',NULL,NULL,'active',1,'2026-04-20 05:55:44','2026-04-20 11:17:13'),(9,'Проктология','proktologiya','Диагностика и лечение заболеваний прямой кишки','{\"banner\": \"images/promos/proctology-banner.jpg\", \"general\": \"Проктология — это раздел медицины, который занимается диагностикой и лечением заболеваний прямой кишки, анального канала и перианальной области. В клинике экспертной медицины «Маяк Здоровья» подготовлена вся необходимая база для консультаций и лечения пациентов: работает проктологический кабинет, есть собственная операционная с лазерным и радиоволновым оборудованием. Мы тщательно подходим к выбору сотрудников, поэтому наши проктологи — это врачи с многолетним практическим опытом, применяющие малоинвазивные методики для быстрого восстановления пациентов.\", \"when_list\": [\"Боль, зуд, жжение, отёчность в области ануса\", \"Выделение крови, гноя или слизи из прямой кишки\", \"Появление (выпадение) геморроидальных узлов\", \"Новообразования в перианальной зоне\", \"Чувство дискомфорта в области прямой кишки\", \"Запоры, поносы, боли в животе и его вздутие\"], \"conclusion\": \"Если у Вас появились такие симптомы, то вам необходима консультация специалиста проктолога. Своевременный осмотр избавит вас от сомнений и позволит подобрать эффективный и щадящий метод лечения.\", \"treat_list\": [\"Полное первичное обследование у проктолога\", \"Лечение острой и хронической анальной трещины\", \"Лечение хронического геморроя, лигирование латексными кольцами\", \"Удаление анальных папиллом, бахромок, кондилом\", \"Полипэктомия через аноскоп\", \"Удаление атером, липом, фибром перианальной области\", \"Иссечение интрасфинктерных свищей прямой кишки\"], \"when_subtitle\": \"Когда обратиться к проктологу?\", \"treat_subtitle\": \"Что мы лечим?\"}','fa-procedures',NULL,NULL,'active',3,'2026-04-20 05:55:44','2026-04-20 11:17:13'),(10,'Хирургия','hirurgiya','Амбулаторная и малоинвазивная хирургия','{\"banner\": \"images/hero-doctor.png\", \"general\": \"Хирургическое направление клиники ориентировано на амбулаторную помощь: малые операции, удаление доброкачественных новообразований кожи, вскрытие ограниченных гнойников, биопсии и послеоперационное наблюдение по протоколу.\", \"when_list\": [\"Новообразования кожи и подкожной клетчатки — оценка и удаление\", \"Повторяющиеся воспалительные очаги, подозрение на абсцесс\", \"Подготовка к малоинвазивному вмешательству\", \"Раны, швы, послеоперационный осмотр\", \"Направление от профильного специалиста\"], \"conclusion\": \"Объём вмешательства и анестезия согласуются на приёме; при противопоказаниях врач предложит альтернативу.\", \"treat_list\": [\"Консультация хирурга\", \"Малые хирургические операции\", \"Удаление новообразований кожи\", \"Вскрытие абсцессов — по показаниям\", \"Биопсия и послеоперационное наблюдение\"], \"when_subtitle\": \"Когда обратиться к хирургу?\", \"treat_subtitle\": \"Что мы делаем\"}','fa-syringe',NULL,NULL,'active',4,'2026-04-20 05:55:44','2026-04-20 11:17:13'),(11,'Эндокринология','endokrinologiya','Экспертная эндокринология – уникальное предложение в «Маяке здоровья»! Для идеальной работы эндокринной системы каждого пациента мы организовали консультации лучших эндокринологов Минска и уникальные услуги по лечению заболеваний эндокринной системы!','{\"faq\": [], \"general\": \"Эндокринология занимается гормональной регуляцией организма: щитовидная железа, поджелудочная железа, надпочечники, ожирение и нарушения обмена веществ. Врачи подбирают обследование (анализы, УЗИ щитовидной железы) и терапию с учётом вашего образа жизни и сопутствующих заболеваний.\", \"when_list\": [\"Подозрение на сахарный диабет или уже установленный диагноз\", \"Изменения веса, жажда, слабость, дрожь\", \"Узел или увеличение щитовидной железы\", \"Нарушения менструального цикла на фоне гормонов\", \"Планирование беременности при эндокринных заболеваниях\"], \"conclusion\": \"Контроль гормонов важен при хронических заболеваниях — регулярные визиты помогают избежать осложнений.\", \"treat_list\": [\"Консультации эндокринолога\", \"УЗИ щитовидной железы\", \"Назначение и интерпретация анализов на гормоны\", \"Ведение сахарного диабета и предиабета\", \"Коррекция веса и обмена веществ\"], \"when_subtitle\": \"Когда обратиться к эндокринологу?\", \"treat_subtitle\": \"Направление включает\"}','fa-pills',NULL,NULL,'active',0,'2026-04-20 05:55:44','2026-04-21 10:48:09'),(12,'Урология','urologiya','Мужское здоровье и лечение мочеполовой системы','{\"banner\": \"images/hero-doctor.png\", \"general\": \"Урология охватывает заболевания почек, мочевого пузыря, предстательной железы и мужских половых путей. В клинике проводятся консультации, УЗИ, назначается терапия и профилактика обострений.\", \"when_list\": [\"Боль или жжение при мочеиспускании\", \"Частые позывы, недержание, слабая струя\", \"Боль в пояснице, подозрение на камни\", \"Симптомы простатита, ИППП — обследование и лечение\", \"Профилактический осмотр мужчин после 40 лет\"], \"conclusion\": \"Не откладывайте визит при крови в моче или сильной боли — это может требовать срочной помощи.\", \"treat_list\": [\"Приём уролога\", \"УЗИ почек и мочевого пузыря\", \"УЗИ предстательной железы\", \"Лечение ИППП и простатита — по протоколу\", \"Уродинамика и другое — по показаниям\"], \"when_subtitle\": \"Когда обратиться к урологу?\", \"treat_subtitle\": \"Услуги\"}','fa-user-doctor',NULL,NULL,'active',13,'2026-04-20 05:55:44','2026-04-20 11:17:13'),(15,'Гастроэнтерология','gastroenterologiya','Лечение заболеваний желудочно-кишечного тракта','{\"banner\": \"images/hero-doctor.png\", \"general\": \"Гастроэнтерологи клиники занимаются диагностикой и лечением заболеваний пищевода, желудка, кишечника, печени и желчевыводящих путей. При необходимости назначаются эндоскопические исследования, УЗИ, анализы и индивидуальная схема лечения.\", \"when_list\": [\"Изжога, отрыжка, тяжесть после еды\", \"Боли в животе, вздутие, нарушения стула\", \"Потеря веса без видимой причины\", \"Подготовка к ФГДС/колоноскопии по направлению\", \"Хронические гастрит, ЯБ, СРК — наблюдение\"], \"conclusion\": \"Своевременная диагностика ЖКТ помогает избежать осложнений; не занимайтесь самолечением при стойких симптомах.\", \"treat_list\": [\"Приём гастроэнтеролога и разбор анализов\", \"Гастроскопия и колоноскопия — по показаниям\", \"УЗИ органов брюшной полости\", \"Лечение заболеваний ЖКТ и дыхательный тест на H. pylori\", \"Рекомендации по питанию и диспансеризация\"], \"when_subtitle\": \"Когда нужен гастроэнтеролог?\", \"treat_subtitle\": \"Услуги направления\"}','fa-utensils',NULL,NULL,'active',11,'2026-04-20 05:55:44','2026-04-20 11:17:13'),(16,'УЗИ','uzi','Ультразвуковая диагностика всех органов','{\"banner\": \"images/hero-doctor.png\", \"general\": \"Ультразвуковое исследование — безопасный и информативный метод визуализации органов и сосудов. В клинике выполняется широкий спектр УЗИ: брюшная полость, малый таз, щитовидная железа, сосуды, сердце, молочные железы и др. Аппараты экспертного класса и врачи с большим опытом обеспечивают точность заключения.\", \"when_list\": [\"Назначение врача для уточнения диагноза\", \"Профилактика и диспансеризация\", \"Контроль при хронических заболеваниях\", \"Беременность: скрининги по срокам\", \"Оценка состояния органов после перенесённых заболеваний\"], \"conclusion\": \"Подготовка к отдельным видам УЗИ может отличаться — уточняйте у администратора или врача при записи.\", \"treat_list\": [\"УЗИ органов брюшной полости и почек\", \"УЗИ малого таза (трансабдоминально / трансвагинально)\", \"УЗИ щитовидной железы и лимфоузлов\", \"УЗИ сосудов (БЦА, вен и артерий конечностей)\", \"Эхокардиография и УЗИ мягких тканей\"], \"when_subtitle\": \"Когда нужно УЗИ?\", \"treat_subtitle\": \"Основные направления УЗИ\"}','fa-wave-square',NULL,NULL,'active',6,'2026-04-20 05:55:44','2026-04-20 11:17:13'),(18,'Функциональная диагностика','funkcionalnaya-diagnostika','ЭКГ, холтер, ЭЭГ, спирометрия','{\"banner\": \"images/hero-doctor.png\", \"general\": \"Функциональная диагностика помогает оценить работу сердца, сосудов головного мозга, лёгких и периферической нервной системы без операций. Исследования назначаются лечащим врачом и выполняются на сертифицированном оборудовании.\", \"when_list\": [\"Жалобы на сердце, давление, головокружения\", \"Подготовка к операции или контроль терапии\", \"Подозрение на нарушения ритма — Холтер\", \"Суточное АД — СМАД\", \"Одышка, кашель — спирометрия; судороги, головные боли — ЭЭГ/ЭНМГ по назначению\"], \"conclusion\": \"Расшифровку и дальнейшую тактику даёт ваш лечащий врач; часть исследований требует отмены препаратов — уточняйте при записи.\", \"treat_list\": [\"ЭКГ\", \"Суточное мониторирование ЭКГ (Холтер)\", \"СМАД\", \"Спирометрия\", \"ЭЭГ и ЭНМГ — по показаниям\"], \"when_subtitle\": \"Когда назначают обследования?\", \"treat_subtitle\": \"Исследования\"}','fa-heart-pulse',NULL,NULL,'active',7,'2026-04-20 05:55:44','2026-04-20 11:17:13'),(21,'Лазерная гинекология','lazernaya-ginekologiya','Современные лазерные методики в гинекологии','{\"banner\": \"images/hero-doctor.png\", \"general\": \"Лазерные технологии в гинекологии позволяют щадяще лечить патологии шейки матки и слизистой с минимальным периодом восстановления. Процедуры проводятся после очной консультации и при наличии показаний по результатам обследования.\", \"when_list\": [\"Эрозия и другие изменения эпителия шейки матки — по заключению врача\", \"Папилломавирусная инфекция, дисплазии — в рамках тактики лечения\", \"Потребность в малоинвазивной коррекции после консультации\", \"Реабилитация после диагностических процедур — по назначению\", \"Индивидуальный план после кольпоскопии и анализов\"], \"conclusion\": \"Объём и возможность лазерной методики определяет гинеколог после осмотра и анализов; самолечение недопустимо.\", \"treat_list\": [\"Консультация по лазерным методикам\", \"Лазерная коррекция патологий шейки матки\", \"Лазерное лечение эрозии\", \"Фракционный лазер в гинекологии\", \"Лазерная вапоризация — по показаниям\"], \"when_subtitle\": \"Когда рассматривают лазерное лечение?\", \"treat_subtitle\": \"Услуги направления\"}','fa-wand-magic-sparkles',NULL,NULL,'active',2,'2026-04-20 06:45:38','2026-04-20 11:17:13'),(22,'Лазерная хирургия','lazernaya-hirurgiya','Лазерная хирургия при малоинвазивных операциях','{\"banner\": \"images/hero-doctor.png\", \"general\": \"Лазерная хирургия применяется для точного воздействия на ткани с меньшим кровотечением и контролируемой глубиной. Подходит для ряда доброкачественных образований и поверхностных патологий — после очной консультации и оценки анестезиологического риска.\", \"when_list\": [\"Удаление новообразований кожи и слизистых — по заключению\", \"Лазерная коагуляция сосудистых изменений\", \"Вросший ноготь и другие локальные процессы — по тактике врача\", \"Реабилитация после процедуры по индивидуальному плану\", \"Повторный осмотр и контроль заживления\"], \"conclusion\": \"Противопоказания и объём процедуры определяет хирург; часть случаев требует предварительных анализов.\", \"treat_list\": [\"Консультация лазерного хирурга\", \"Лазерное удаление новообразований\", \"Лазерная вапоризация тканей\", \"Лазерная коагуляция\", \"Лазерное лечение вросшего ногтя\"], \"when_subtitle\": \"Когда показано лазерное лечение?\", \"treat_subtitle\": \"Услуги\"}','fa-wand-magic-sparkles',NULL,NULL,'active',5,'2026-04-20 06:45:38','2026-04-20 11:17:13'),(23,'Флебология','flebologiya','Диагностика и лечение заболеваний вен','{\"banner\": \"images/hero-doctor.png\", \"general\": \"Флебология решает проблемы венозного оттока: варикоз, тяжесть и отёки ног, сосудистые «звёздочки», трофические изменения. Диагностика УЗИ вен дополняет клинический осмотр и помогает выбрать консервативное или малоинвазивное лечение.\", \"when_list\": [\"Видимые расширенные вены, отёки к вечеру\", \"Боль, судороги и тяжесть в ногах\", \"После беременности или длительной «стоячей» работы\", \"Подготовка к операции на венах\", \"Профилактика тромботических осложнений — по назначению врача\"], \"conclusion\": \"Тактика лечения индивидуальна: от компрессии и медикаментов до склеротерапии и лазерной коагуляции.\", \"treat_list\": [\"Приём флеболога\", \"УЗИ вен нижних конечностей\", \"Консервативное лечение варикоза\", \"Склеротерапия — по показаниям\", \"Лазерная коагуляция вен\"], \"when_subtitle\": \"Когда к флебологу?\", \"treat_subtitle\": \"Услуги направления\"}','fa-hand-holding-medical',NULL,NULL,'active',9,'2026-04-20 06:45:38','2026-04-20 11:17:13'),(24,'Нефрология','nefrologiya','Специализированная помощь при заболеваниях почек','{\"banner\": \"images/hero-doctor.png\", \"general\": \"Нефролог занимается хронической болезнью почек, гипертонией почечного генеза, отёками и нарушениями анализов мочи. Лечение строится на контроле давления, диеты, коррекции метаболических нарушений и своевременной коррекции терапии.\", \"when_list\": [\"Отёки, снижение диуреза, изменения цвета мочи\", \"Повышенный креатинин, белок в моче по анализам\", \"Хроническая болезнь почек — наблюдение\", \"Артериальная гипертензия с поражением почек\", \"Подбор терапии при сочетании заболеваний\"], \"conclusion\": \"Регулярный контроль анализов и АД замедляет прогрессирование ХБП.\", \"treat_list\": [\"Консультации нефролога\", \"Диагностика заболеваний почек\", \"Лечение пиелонефрита — по схеме\", \"Наблюдение при ХБП\", \"Подбор терапии при почечной недостаточности\"], \"when_subtitle\": \"Когда к нефрологу?\", \"treat_subtitle\": \"Что мы делаем\"}','fa-vial',NULL,NULL,'active',14,'2026-04-20 06:45:38','2026-04-20 11:17:13'),(25,'Онкология','onkologiya','Ранняя диагностика и сопровождение онкологических пациентов','{\"banner\": \"images/hero-doctor.png\", \"general\": \"Онкологическое направление включает консультации, скрининг, интерпретацию анализов и инструментальных исследований, сопровождение после лечения. Тактика всегда мультидисциплинарная и согласуется с профильными специалистами.\", \"when_list\": [\"Подозрительные узлы, длительно незаживающие изменения кожи\", \"Потеря веса, слабость без причины\", \"Результаты скрининга, требующие уточнения\", \"Наблюдение после операции или химиотерапии\", \"Семейная отягощённость — профилактическая консультация\"], \"conclusion\": \"Ранняя диагностика улучшает прогноз; не игнорируйте рекомендации по обследованию.\", \"treat_list\": [\"Консультация онколога\", \"Онкоскрининг\", \"Биопсия и гистология — по показаниям\", \"Наблюдение после лечения\", \"Паллиативная поддержка — по запросу и протоколу\"], \"when_subtitle\": \"Когда записаться к онкологу?\", \"treat_subtitle\": \"Направление\"}','fa-ribbon',NULL,NULL,'active',15,'2026-04-20 06:45:38','2026-04-20 11:17:13'),(26,'Маммология','mammologiya','Профилактика и диагностика заболеваний молочных желёз','{\"banner\": \"images/hero-doctor.png\", \"general\": \"Маммология направлена на профилактику рака молочной железы и лечение доброкачественной патологии. Сочетание осмотра, УЗИ и при необходимости маммографии позволяет выявить изменения на ранней стадии.\", \"when_list\": [\"Уплотнение, боль или выделения из соска\", \"Профилактика раз в год после 40 лет — по рекомендациям\", \"Наблюдение при мастопатии и кистах\", \"Семейная история онкологии молочной железы\", \"Подготовка к беременности и лактации — консультация\"], \"conclusion\": \"Самообследование не заменяет визит к врачу; при любых изменениях лучше уточнить диагноз.\", \"treat_list\": [\"Приём маммолога\", \"УЗИ молочных желёз\", \"Маммография — по показаниям и возрасту\", \"Пункционная биопсия — по направлению\", \"Наблюдение при доброкачественной патологии\"], \"when_subtitle\": \"Когда к маммологу?\", \"treat_subtitle\": \"Услуги\"}','fa-heart',NULL,NULL,'active',16,'2026-04-20 06:45:38','2026-04-20 11:17:13'),(27,'Диетология','dietologiya','Индивидуальный подбор питания и коррекция веса','{\"banner\": \"images/hero-doctor.png\", \"general\": \"Диетолог помогает при избыточном и недостаточном весе, сахарном диабете, заболеваниях печени и ЖКТ, при беременности и спортивных нагрузках. План питания строится с учётом анализов и образа жизни.\", \"when_list\": [\"Лишний вес или резкая потеря веса\", \"Сахарный диабет, метаболический синдром\", \"Беременность и лактация — коррекция рациона\", \"Заболевания ЖКТ с диетотерапией\", \"Подготовка к марафону или восстановление после болезни\"], \"conclusion\": \"Устойчивый результат даёт сочетание питания, режима и при необходимости лекарственной терапии по назначению врача.\", \"treat_list\": [\"Консультации диетолога\", \"Подбор рациона при заболеваниях\", \"Коррекция веса\", \"Нутритивная поддержка\", \"Составление индивидуального меню\"], \"when_subtitle\": \"Когда к диетологу?\", \"treat_subtitle\": \"Что входит\"}','fa-utensils',NULL,NULL,'active',17,'2026-04-20 06:45:38','2026-04-20 11:17:13'),(28,'Психология','psihologiya','Консультации психолога, диагностика и поддержка','{\"banner\": \"images/hero-doctor.png\", \"general\": \"Психологическая помощь в клинике — это конфиденциальные беседы, диагностика эмоционального состояния, поддержка при стрессе, утрате, конфликтах и адаптации к болезни. Формат и кратность встреч согласуются с пациентом.\", \"when_list\": [\"Длительный стресс, тревога, раздражительность\", \"Трудности в отношениях и на работе\", \"Поддержка при хроническом заболевании\", \"Детско-подростковые вопросы — по запросу родителей\", \"Желание лучше понять себя и свои реакции\"], \"conclusion\": \"Психолог не заменяет психиатра при тяжёлых расстройствах; при необходимости будет рекомендован коллега.\", \"treat_list\": [\"Индивидуальные консультации\", \"Психодиагностика\", \"Семейная психология\", \"Детская психология\", \"Работа со стрессом и тревогой\"], \"when_subtitle\": \"Когда к психологу?\", \"treat_subtitle\": \"Форматы работы\"}','fa-head-side-virus',NULL,NULL,'active',18,'2026-04-20 06:45:38','2026-04-20 11:17:13'),(29,'Психотерапия','psihoterapiya','Психотерапевтическая помощь при тревоге и депрессии','{\"banner\": \"images/hero-doctor.png\", \"general\": \"Психотерапия — структурированная работа с доказательными методиками (в том числе КПТ) при депрессии, тревожных расстройствах, панических атаках и психосоматических реакциях. Курс согласуется с врачом и длится от нескольких встреч до длительной терапии.\", \"when_list\": [\"Депрессия, апатия, потеря интереса к жизни\", \"Панические атаки, навязчивые мысли\", \"Тревога, которая мешает работать и отдыхать\", \"Психосоматика — после исключения соматики\", \"Кризисные ситуации, утрата\"], \"conclusion\": \"При суицидальных мыслях или угрозе себе и окружающим необходима неотложная помощь.\", \"treat_list\": [\"Приём психотерапевта\", \"Когнитивно-поведенческая терапия\", \"Работа с депрессией и тревогой\", \"Кризисная психотерапия\", \"Групповая терапия — по расписанию клиники\"], \"when_subtitle\": \"Когда к психотерапевту?\", \"treat_subtitle\": \"Услуги\"}','fa-comments',NULL,NULL,'active',19,'2026-04-20 06:45:38','2026-04-20 11:17:13');
/*!40000 ALTER TABLE `directions` ENABLE KEYS */;
UNLOCK TABLES;

--
-- Table structure for table `doctor_schedules`
--

DROP TABLE IF EXISTS `doctor_schedules`;
/*!40101 SET @saved_cs_client     = @@character_set_client */;
/*!50503 SET character_set_client = utf8mb4 */;
CREATE TABLE `doctor_schedules` (
  `id` bigint unsigned NOT NULL AUTO_INCREMENT,
  `doctor_id` bigint unsigned NOT NULL,
  `weekday` tinyint unsigned NOT NULL,
  `start_time` time NOT NULL,
  `end_time` time NOT NULL,
  `created_at` timestamp NULL DEFAULT NULL,
  `updated_at` timestamp NULL DEFAULT NULL,
  PRIMARY KEY (`id`),
  UNIQUE KEY `doctor_schedules_doctor_id_weekday_unique` (`doctor_id`,`weekday`),
  CONSTRAINT `doctor_schedules_doctor_id_foreign` FOREIGN KEY (`doctor_id`) REFERENCES `doctors` (`id`) ON DELETE CASCADE
) ENGINE=InnoDB AUTO_INCREMENT=187 DEFAULT CHARSET=utf8mb4 COLLATE=utf8mb4_unicode_ci;
/*!40101 SET character_set_client = @saved_cs_client */;

--
-- Dumping data for table `doctor_schedules`
--

LOCK TABLES `doctor_schedules` WRITE;
/*!40000 ALTER TABLE `doctor_schedules` DISABLE KEYS */;
INSERT INTO `doctor_schedules` VALUES (1,1,1,'08:00:00','13:40:00','2026-04-30 19:48:49','2026-04-30 19:48:49'),(2,1,2,'08:00:00','13:40:00','2026-04-30 19:48:49','2026-04-30 19:48:49'),(3,1,3,'08:00:00','13:40:00','2026-04-30 19:48:49','2026-04-30 19:48:49'),(4,1,4,'08:00:00','13:40:00','2026-04-30 19:48:49','2026-04-30 19:48:49'),(5,1,5,'08:00:00','13:40:00','2026-04-30 19:48:49','2026-04-30 19:48:49'),(6,2,1,'08:00:00','13:40:00','2026-04-30 19:48:49','2026-04-30 19:48:49'),(7,2,2,'08:00:00','13:40:00','2026-04-30 19:48:49','2026-04-30 19:48:49'),(8,2,3,'08:00:00','13:40:00','2026-04-30 19:48:49','2026-04-30 19:48:49'),(9,2,4,'08:00:00','13:40:00','2026-04-30 19:48:49','2026-04-30 19:48:49'),(10,2,5,'08:00:00','13:40:00','2026-04-30 19:48:49','2026-04-30 19:48:49'),(11,3,1,'08:00:00','13:40:00','2026-04-30 19:48:49','2026-04-30 19:48:49'),(12,3,2,'08:00:00','13:40:00','2026-04-30 19:48:49','2026-04-30 19:48:49'),(13,3,3,'08:00:00','13:40:00','2026-04-30 19:48:49','2026-04-30 19:48:49'),(14,3,4,'08:00:00','13:40:00','2026-04-30 19:48:49','2026-04-30 19:48:49'),(15,3,5,'08:00:00','13:40:00','2026-04-30 19:48:49','2026-04-30 19:48:49'),(16,4,1,'08:00:00','13:40:00','2026-04-30 19:48:49','2026-04-30 19:48:49'),(17,4,2,'08:00:00','13:40:00','2026-04-30 19:48:49','2026-04-30 19:48:49'),(18,4,3,'08:00:00','13:40:00','2026-04-30 19:48:49','2026-04-30 19:48:49'),(19,4,4,'08:00:00','13:40:00','2026-04-30 19:48:49','2026-04-30 19:48:49'),(20,4,5,'08:00:00','13:40:00','2026-04-30 19:48:49','2026-04-30 19:48:49'),(21,5,1,'08:00:00','13:40:00','2026-04-30 19:48:49','2026-04-30 19:48:49'),(22,5,2,'08:00:00','13:40:00','2026-04-30 19:48:49','2026-04-30 19:48:49'),(23,5,3,'08:00:00','13:40:00','2026-04-30 19:48:49','2026-04-30 19:48:49'),(24,5,4,'08:00:00','13:40:00','2026-04-30 19:48:49','2026-04-30 19:48:49'),(25,5,5,'08:00:00','13:40:00','2026-04-30 19:48:49','2026-04-30 19:48:49'),(26,6,1,'08:00:00','13:40:00','2026-04-30 19:48:49','2026-04-30 19:48:49'),(27,6,2,'08:00:00','13:40:00','2026-04-30 19:48:49','2026-04-30 19:48:49'),(28,6,3,'08:00:00','13:40:00','2026-04-30 19:48:49','2026-04-30 19:48:49'),(29,6,4,'08:00:00','13:40:00','2026-04-30 19:48:49','2026-04-30 19:48:49'),(30,6,5,'08:00:00','13:40:00','2026-04-30 19:48:49','2026-04-30 19:48:49'),(31,7,1,'08:00:00','13:40:00','2026-04-30 19:48:49','2026-04-30 19:48:49'),(32,7,2,'08:00:00','13:40:00','2026-04-30 19:48:49','2026-04-30 19:48:49'),(33,7,3,'08:00:00','13:40:00','2026-04-30 19:48:49','2026-04-30 19:48:49'),(34,7,4,'08:00:00','13:40:00','2026-04-30 19:48:49','2026-04-30 19:48:49'),(35,7,5,'08:00:00','13:40:00','2026-04-30 19:48:49','2026-04-30 19:48:49'),(36,8,1,'08:00:00','13:40:00','2026-04-30 19:48:49','2026-04-30 19:48:49'),(37,8,2,'08:00:00','13:40:00','2026-04-30 19:48:49','2026-04-30 19:48:49'),(38,8,3,'08:00:00','13:40:00','2026-04-30 19:48:49','2026-04-30 19:48:49'),(39,8,4,'08:00:00','13:40:00','2026-04-30 19:48:49','2026-04-30 19:48:49'),(40,8,5,'08:00:00','13:40:00','2026-04-30 19:48:49','2026-04-30 19:48:49'),(41,9,1,'08:00:00','13:40:00','2026-04-30 19:48:49','2026-04-30 19:48:49'),(42,9,2,'08:00:00','13:40:00','2026-04-30 19:48:49','2026-04-30 19:48:49'),(43,9,3,'08:00:00','13:40:00','2026-04-30 19:48:49','2026-04-30 19:48:49'),(44,9,4,'08:00:00','13:40:00','2026-04-30 19:48:49','2026-04-30 19:48:49'),(45,9,5,'08:00:00','13:40:00','2026-04-30 19:48:49','2026-04-30 19:48:49'),(46,10,1,'08:00:00','13:40:00','2026-04-30 19:48:49','2026-04-30 19:48:49'),(47,10,2,'08:00:00','13:40:00','2026-04-30 19:48:49','2026-04-30 19:48:49'),(48,10,3,'08:00:00','13:40:00','2026-04-30 19:48:49','2026-04-30 19:48:49'),(49,10,4,'08:00:00','13:40:00','2026-04-30 19:48:49','2026-04-30 19:48:49'),(50,10,5,'08:00:00','13:40:00','2026-04-30 19:48:49','2026-04-30 19:48:49'),(51,11,1,'08:00:00','13:40:00','2026-04-30 19:48:49','2026-04-30 19:48:49'),(52,11,2,'08:00:00','13:40:00','2026-04-30 19:48:49','2026-04-30 19:48:49'),(53,11,3,'08:00:00','13:40:00','2026-04-30 19:48:49','2026-04-30 19:48:49'),(54,11,4,'08:00:00','13:40:00','2026-04-30 19:48:49','2026-04-30 19:48:49'),(55,11,5,'08:00:00','13:40:00','2026-04-30 19:48:49','2026-04-30 19:48:49'),(56,12,1,'08:00:00','13:40:00','2026-04-30 19:48:49','2026-04-30 19:48:49'),(57,12,2,'08:00:00','13:40:00','2026-04-30 19:48:49','2026-04-30 19:48:49'),(58,12,3,'08:00:00','13:40:00','2026-04-30 19:48:49','2026-04-30 19:48:49'),(59,12,4,'08:00:00','13:40:00','2026-04-30 19:48:49','2026-04-30 19:48:49'),(60,12,5,'08:00:00','13:40:00','2026-04-30 19:48:49','2026-04-30 19:48:49'),(61,13,1,'08:00:00','13:40:00','2026-04-30 19:48:49','2026-04-30 19:48:49'),(62,13,2,'08:00:00','13:40:00','2026-04-30 19:48:49','2026-04-30 19:48:49'),(63,13,3,'08:00:00','13:40:00','2026-04-30 19:48:49','2026-04-30 19:48:49'),(64,13,4,'08:00:00','13:40:00','2026-04-30 19:48:49','2026-04-30 19:48:49'),(65,13,5,'08:00:00','13:40:00','2026-04-30 19:48:49','2026-04-30 19:48:49'),(66,14,1,'08:00:00','13:40:00','2026-04-30 19:48:49','2026-04-30 19:48:49'),(67,14,2,'08:00:00','13:40:00','2026-04-30 19:48:49','2026-04-30 19:48:49'),(68,14,3,'08:00:00','13:40:00','2026-04-30 19:48:49','2026-04-30 19:48:49'),(69,14,4,'08:00:00','13:40:00','2026-04-30 19:48:49','2026-04-30 19:48:49'),(70,14,5,'08:00:00','13:40:00','2026-04-30 19:48:49','2026-04-30 19:48:49'),(71,15,1,'08:00:00','13:40:00','2026-04-30 19:48:49','2026-04-30 19:48:49'),(72,15,2,'08:00:00','13:40:00','2026-04-30 19:48:49','2026-04-30 19:48:49'),(73,15,3,'08:00:00','13:40:00','2026-04-30 19:48:49','2026-04-30 19:48:49'),(74,15,4,'08:00:00','13:40:00','2026-04-30 19:48:49','2026-04-30 19:48:49'),(75,15,5,'08:00:00','13:40:00','2026-04-30 19:48:49','2026-04-30 19:48:49'),(76,16,1,'08:00:00','13:40:00','2026-04-30 19:48:49','2026-04-30 19:48:49'),(77,16,2,'08:00:00','13:40:00','2026-04-30 19:48:49','2026-04-30 19:48:49'),(78,16,3,'08:00:00','13:40:00','2026-04-30 19:48:49','2026-04-30 19:48:49'),(79,16,4,'08:00:00','13:40:00','2026-04-30 19:48:49','2026-04-30 19:48:49'),(80,16,5,'08:00:00','13:40:00','2026-04-30 19:48:49','2026-04-30 19:48:49'),(81,17,1,'08:00:00','13:40:00','2026-04-30 19:48:49','2026-04-30 19:48:49'),(82,17,2,'08:00:00','13:40:00','2026-04-30 19:48:49','2026-04-30 19:48:49'),(83,17,3,'08:00:00','13:40:00','2026-04-30 19:48:49','2026-04-30 19:48:49'),(84,17,4,'08:00:00','13:40:00','2026-04-30 19:48:49','2026-04-30 19:48:49'),(85,17,5,'08:00:00','13:40:00','2026-04-30 19:48:49','2026-04-30 19:48:49'),(86,18,1,'08:00:00','13:40:00','2026-04-30 19:48:49','2026-04-30 19:48:49'),(87,18,2,'08:00:00','13:40:00','2026-04-30 19:48:49','2026-04-30 19:48:49'),(88,18,3,'08:00:00','13:40:00','2026-04-30 19:48:49','2026-04-30 19:48:49'),(89,18,4,'08:00:00','13:40:00','2026-04-30 19:48:49','2026-04-30 19:48:49'),(90,18,5,'08:00:00','13:40:00','2026-04-30 19:48:49','2026-04-30 19:48:49'),(91,19,1,'08:00:00','13:40:00','2026-04-30 19:48:49','2026-04-30 19:48:49'),(92,19,2,'08:00:00','13:40:00','2026-04-30 19:48:49','2026-04-30 19:48:49'),(93,19,3,'08:00:00','13:40:00','2026-04-30 19:48:49','2026-04-30 19:48:49'),(94,19,4,'08:00:00','13:40:00','2026-04-30 19:48:49','2026-04-30 19:48:49'),(95,19,5,'08:00:00','13:40:00','2026-04-30 19:48:49','2026-04-30 19:48:49'),(96,20,1,'08:00:00','13:40:00','2026-04-30 19:48:49','2026-04-30 19:48:49'),(97,20,2,'08:00:00','13:40:00','2026-04-30 19:48:49','2026-04-30 19:48:49'),(98,20,3,'08:00:00','13:40:00','2026-04-30 19:48:49','2026-04-30 19:48:49'),(99,20,4,'08:00:00','13:40:00','2026-04-30 19:48:49','2026-04-30 19:48:49'),(100,20,5,'08:00:00','13:40:00','2026-04-30 19:48:49','2026-04-30 19:48:49'),(101,21,1,'08:00:00','13:40:00','2026-04-30 19:48:49','2026-04-30 19:48:49'),(102,21,2,'08:00:00','13:40:00','2026-04-30 19:48:49','2026-04-30 19:48:49'),(103,21,3,'08:00:00','13:40:00','2026-04-30 19:48:49','2026-04-30 19:48:49'),(104,21,4,'08:00:00','13:40:00','2026-04-30 19:48:49','2026-04-30 19:48:49'),(105,21,5,'08:00:00','13:40:00','2026-04-30 19:48:49','2026-04-30 19:48:49'),(106,22,1,'08:00:00','13:40:00','2026-04-30 19:48:49','2026-04-30 19:48:49'),(107,22,2,'08:00:00','13:40:00','2026-04-30 19:48:49','2026-04-30 19:48:49'),(108,22,3,'08:00:00','13:40:00','2026-04-30 19:48:49','2026-04-30 19:48:49'),(109,22,4,'08:00:00','13:40:00','2026-04-30 19:48:49','2026-04-30 19:48:49'),(110,22,5,'08:00:00','13:40:00','2026-04-30 19:48:49','2026-04-30 19:48:49'),(111,23,1,'08:00:00','13:40:00','2026-04-30 19:48:49','2026-04-30 19:48:49'),(112,23,2,'08:00:00','13:40:00','2026-04-30 19:48:49','2026-04-30 19:48:49'),(113,23,3,'08:00:00','13:40:00','2026-04-30 19:48:49','2026-04-30 19:48:49'),(114,23,4,'08:00:00','13:40:00','2026-04-30 19:48:49','2026-04-30 19:48:49'),(115,23,5,'08:00:00','13:40:00','2026-04-30 19:48:49','2026-04-30 19:48:49'),(116,24,1,'08:00:00','13:40:00','2026-04-30 19:48:49','2026-04-30 19:48:49'),(117,24,2,'08:00:00','13:40:00','2026-04-30 19:48:49','2026-04-30 19:48:49'),(118,24,3,'08:00:00','13:40:00','2026-04-30 19:48:49','2026-04-30 19:48:49'),(119,24,4,'08:00:00','13:40:00','2026-04-30 19:48:49','2026-04-30 19:48:49'),(120,24,5,'08:00:00','13:40:00','2026-04-30 19:48:49','2026-04-30 19:48:49'),(121,25,1,'08:00:00','13:40:00','2026-04-30 19:48:49','2026-04-30 19:48:49'),(122,25,2,'08:00:00','13:40:00','2026-04-30 19:48:49','2026-04-30 19:48:49'),(123,25,3,'08:00:00','13:40:00','2026-04-30 19:48:49','2026-04-30 19:48:49'),(124,25,4,'08:00:00','13:40:00','2026-04-30 19:48:49','2026-04-30 19:48:49'),(125,25,5,'08:00:00','13:40:00','2026-04-30 19:48:49','2026-04-30 19:48:49'),(126,26,1,'08:00:00','13:40:00','2026-04-30 19:48:49','2026-04-30 19:48:49'),(127,26,2,'08:00:00','13:40:00','2026-04-30 19:48:49','2026-04-30 19:48:49'),(128,26,3,'08:00:00','13:40:00','2026-04-30 19:48:49','2026-04-30 19:48:49'),(129,26,4,'08:00:00','13:40:00','2026-04-30 19:48:49','2026-04-30 19:48:49'),(130,26,5,'08:00:00','13:40:00','2026-04-30 19:48:49','2026-04-30 19:48:49'),(131,27,1,'08:00:00','13:40:00','2026-04-30 19:48:49','2026-04-30 19:48:49'),(132,27,2,'08:00:00','13:40:00','2026-04-30 19:48:49','2026-04-30 19:48:49'),(133,27,3,'08:00:00','13:40:00','2026-04-30 19:48:49','2026-04-30 19:48:49'),(134,27,4,'08:00:00','13:40:00','2026-04-30 19:48:49','2026-04-30 19:48:49'),(135,27,5,'08:00:00','13:40:00','2026-04-30 19:48:49','2026-04-30 19:48:49'),(136,16,0,'08:00:00','13:40:00','2026-05-01 08:44:49','2026-05-01 08:44:49'),(137,28,0,'08:00:00','13:40:00','2026-05-01 08:44:49','2026-05-01 08:44:49'),(138,28,1,'08:00:00','13:40:00','2026-05-01 08:44:49','2026-05-01 08:44:49'),(139,28,2,'08:00:00','13:40:00','2026-05-01 08:44:49','2026-05-01 08:44:49'),(140,28,3,'08:00:00','13:40:00','2026-05-01 08:44:49','2026-05-01 08:44:49'),(141,28,4,'08:00:00','13:40:00','2026-05-01 08:44:49','2026-05-01 08:44:49'),(142,29,0,'08:00:00','13:40:00','2026-05-01 08:44:49','2026-05-01 08:44:49'),(143,29,1,'08:00:00','13:40:00','2026-05-01 08:44:49','2026-05-01 08:44:49'),(144,29,2,'08:00:00','13:40:00','2026-05-01 08:44:49','2026-05-01 08:44:49'),(145,29,3,'08:00:00','13:40:00','2026-05-01 08:44:49','2026-05-01 08:44:49'),(146,29,4,'08:00:00','13:40:00','2026-05-01 08:44:49','2026-05-01 08:44:49'),(147,30,0,'08:00:00','13:40:00','2026-05-01 08:44:49','2026-05-01 08:44:49'),(148,30,1,'08:00:00','13:40:00','2026-05-01 08:44:49','2026-05-01 08:44:49'),(149,30,2,'08:00:00','13:40:00','2026-05-01 08:44:49','2026-05-01 08:44:49'),(150,30,3,'08:00:00','13:40:00','2026-05-01 08:44:49','2026-05-01 08:44:49'),(151,30,4,'08:00:00','13:40:00','2026-05-01 08:44:49','2026-05-01 08:44:49'),(152,31,0,'08:00:00','13:40:00','2026-05-01 08:44:49','2026-05-01 08:44:49'),(153,31,1,'08:00:00','13:40:00','2026-05-01 08:44:49','2026-05-01 08:44:49'),(154,31,2,'08:00:00','13:40:00','2026-05-01 08:44:49','2026-05-01 08:44:49'),(155,31,3,'08:00:00','13:40:00','2026-05-01 08:44:49','2026-05-01 08:44:49'),(156,31,4,'08:00:00','13:40:00','2026-05-01 08:44:49','2026-05-01 08:44:49'),(157,32,0,'08:00:00','13:40:00','2026-05-01 08:44:49','2026-05-01 08:44:49'),(158,32,1,'08:00:00','13:40:00','2026-05-01 08:44:49','2026-05-01 08:44:49'),(159,32,2,'08:00:00','13:40:00','2026-05-01 08:44:49','2026-05-01 08:44:49'),(160,32,3,'08:00:00','13:40:00','2026-05-01 08:44:49','2026-05-01 08:44:49'),(161,32,4,'08:00:00','13:40:00','2026-05-01 08:44:49','2026-05-01 08:44:49'),(162,33,0,'08:00:00','13:40:00','2026-05-01 08:44:49','2026-05-01 08:44:49'),(163,33,1,'08:00:00','13:40:00','2026-05-01 08:44:49','2026-05-01 08:44:49'),(164,33,2,'08:00:00','13:40:00','2026-05-01 08:44:49','2026-05-01 08:44:49'),(165,33,3,'08:00:00','13:40:00','2026-05-01 08:44:49','2026-05-01 08:44:49'),(166,33,4,'08:00:00','13:40:00','2026-05-01 08:44:49','2026-05-01 08:44:49'),(167,34,0,'08:00:00','13:40:00','2026-05-01 08:44:49','2026-05-01 08:44:49'),(168,34,1,'08:00:00','13:40:00','2026-05-01 08:44:49','2026-05-01 08:44:49'),(169,34,2,'08:00:00','13:40:00','2026-05-01 08:44:49','2026-05-01 08:44:49'),(170,34,3,'08:00:00','13:40:00','2026-05-01 08:44:49','2026-05-01 08:44:49'),(171,34,4,'08:00:00','13:40:00','2026-05-01 08:44:49','2026-05-01 08:44:49'),(172,35,0,'08:00:00','13:40:00','2026-05-01 08:44:49','2026-05-01 08:44:49'),(173,35,1,'08:00:00','13:40:00','2026-05-01 08:44:49','2026-05-01 08:44:49'),(174,35,2,'08:00:00','13:40:00','2026-05-01 08:44:49','2026-05-01 08:44:49'),(175,35,3,'08:00:00','13:40:00','2026-05-01 08:44:49','2026-05-01 08:44:49'),(176,35,4,'08:00:00','13:40:00','2026-05-01 08:44:49','2026-05-01 08:44:49'),(177,36,0,'08:00:00','13:40:00','2026-05-01 08:44:49','2026-05-01 08:44:49'),(178,36,1,'08:00:00','13:40:00','2026-05-01 08:44:49','2026-05-01 08:44:49'),(179,36,2,'08:00:00','13:40:00','2026-05-01 08:44:49','2026-05-01 08:44:49'),(180,36,3,'08:00:00','13:40:00','2026-05-01 08:44:49','2026-05-01 08:44:49'),(181,36,4,'08:00:00','13:40:00','2026-05-01 08:44:49','2026-05-01 08:44:49'),(182,37,0,'08:00:00','13:40:00','2026-05-01 08:44:49','2026-05-01 08:44:49'),(183,37,1,'08:00:00','13:40:00','2026-05-01 08:44:49','2026-05-01 08:44:49'),(184,37,2,'08:00:00','13:40:00','2026-05-01 08:44:49','2026-05-01 08:44:49'),(185,37,3,'08:00:00','13:40:00','2026-05-01 08:44:49','2026-05-01 08:44:49'),(186,37,4,'08:00:00','13:40:00','2026-05-01 08:44:49','2026-05-01 08:44:49');
/*!40000 ALTER TABLE `doctor_schedules` ENABLE KEYS */;
UNLOCK TABLES;

--
-- Table structure for table `doctor_service`
--

DROP TABLE IF EXISTS `doctor_service`;
/*!40101 SET @saved_cs_client     = @@character_set_client */;
/*!50503 SET character_set_client = utf8mb4 */;
CREATE TABLE `doctor_service` (
  `doctor_id` bigint unsigned NOT NULL,
  `service_id` bigint unsigned NOT NULL,
  PRIMARY KEY (`doctor_id`,`service_id`),
  KEY `doctor_service_service_id_foreign` (`service_id`),
  CONSTRAINT `doctor_service_doctor_id_foreign` FOREIGN KEY (`doctor_id`) REFERENCES `doctors` (`id`) ON DELETE CASCADE,
  CONSTRAINT `doctor_service_service_id_foreign` FOREIGN KEY (`service_id`) REFERENCES `services` (`id`) ON DELETE CASCADE
) ENGINE=InnoDB DEFAULT CHARSET=utf8mb4 COLLATE=utf8mb4_unicode_ci;
/*!40101 SET character_set_client = @saved_cs_client */;

--
-- Dumping data for table `doctor_service`
--

LOCK TABLES `doctor_service` WRITE;
/*!40000 ALTER TABLE `doctor_service` DISABLE KEYS */;
INSERT INTO `doctor_service` VALUES (35,182),(36,186),(36,191),(37,192),(34,194),(16,196),(28,197),(33,200),(32,203),(31,205),(29,216),(30,216);
/*!40000 ALTER TABLE `doctor_service` ENABLE KEYS */;
UNLOCK TABLES;

--
-- Table structure for table `doctors`
--

DROP TABLE IF EXISTS `doctors`;
/*!40101 SET @saved_cs_client     = @@character_set_client */;
/*!50503 SET character_set_client = utf8mb4 */;
CREATE TABLE `doctors` (
  `id` bigint unsigned NOT NULL AUTO_INCREMENT,
  `specialization_id` bigint unsigned NOT NULL,
  `last_name` varchar(255) CHARACTER SET utf8mb4 COLLATE utf8mb4_unicode_ci NOT NULL,
  `first_name` varchar(255) CHARACTER SET utf8mb4 COLLATE utf8mb4_unicode_ci NOT NULL,
  `middle_name` varchar(255) CHARACTER SET utf8mb4 COLLATE utf8mb4_unicode_ci DEFAULT NULL,
  `slug` varchar(255) CHARACTER SET utf8mb4 COLLATE utf8mb4_unicode_ci NOT NULL,
  `category` enum('highest','first','second') CHARACTER SET utf8mb4 COLLATE utf8mb4_unicode_ci NOT NULL,
  `academic_degree` varchar(255) CHARACTER SET utf8mb4 COLLATE utf8mb4_unicode_ci DEFAULT NULL,
  `experience_years` int unsigned NOT NULL DEFAULT '0',
  `experience_since` smallint unsigned DEFAULT NULL,
  `patient_age` enum('adults','children','both') CHARACTER SET utf8mb4 COLLATE utf8mb4_unicode_ci NOT NULL DEFAULT 'both',
  `photo` varchar(255) CHARACTER SET utf8mb4 COLLATE utf8mb4_unicode_ci DEFAULT NULL,
  `description` text CHARACTER SET utf8mb4 COLLATE utf8mb4_unicode_ci,
  `rating` decimal(3,2) NOT NULL DEFAULT '5.00',
  `education` json DEFAULT NULL,
  `status` enum('active','inactive') CHARACTER SET utf8mb4 COLLATE utf8mb4_unicode_ci NOT NULL DEFAULT 'active',
  `sort_order` int NOT NULL DEFAULT '0',
  `created_at` timestamp NULL DEFAULT NULL,
  `updated_at` timestamp NULL DEFAULT NULL,
  PRIMARY KEY (`id`),
  UNIQUE KEY `doctors_slug_unique` (`slug`),
  KEY `doctors_specialization_id_index` (`specialization_id`),
  KEY `doctors_status_index` (`status`),
  KEY `doctors_sort_order_index` (`sort_order`),
  CONSTRAINT `doctors_specialization_id_foreign` FOREIGN KEY (`specialization_id`) REFERENCES `specializations` (`id`) ON DELETE RESTRICT
) ENGINE=InnoDB AUTO_INCREMENT=38 DEFAULT CHARSET=utf8mb4 COLLATE=utf8mb4_unicode_ci;
/*!40101 SET character_set_client = @saved_cs_client */;

--
-- Dumping data for table `doctors`
--

LOCK TABLES `doctors` WRITE;
/*!40000 ALTER TABLE `doctors` DISABLE KEYS */;
INSERT INTO `doctors` VALUES (16,24,'Макеева','Алеся','Викторовна','makeeva-alesya-viktorovna','first','Кандидат медицинских наук',22,2004,'both','images/doctors/01KPS03MEQNAGFV15HWSAQ6DCP.png','Алеся Викторовна — врач ультразвуковой диагностики первой квалификационной категории с 22-летним стажем работы. В медицинском центре «Маяк Здоровья» выполняет широкий спектр ультразвуковых исследований: УЗИ органов брюшной полости, сосудов (БЦА, ТКДС, артерии и вены конечностей), щитовидной железы, молочных желез, почек, суставов и мягких тканей.',5.00,'[{\"type\": \"experience\", \"title\": \"Врач-гастроэнтеролог\", \"period\": \"Август 2004 — ноябрь 2004\", \"institution\": \"ГУ «Борисовское территориальное медицинское объединение»\"}, {\"type\": \"experience\", \"title\": \"Заведующий приёмным отделением\", \"period\": \"Ноябрь 2004 — декабрь 2006\", \"institution\": \"ГУ «Борисовское территориальное медицинское объединение»\"}, {\"type\": \"experience\", \"title\": \"Заместитель главного врача по медицинской части\", \"period\": \"Декабрь 2006 — май 2007\", \"institution\": \"ГУ «Борисовское территориальное медицинское объединение»\"}, {\"type\": \"experience\", \"title\": \"Врач ультразвуковой диагностики\", \"period\": \"Май 2007 — ноябрь 2007\", \"institution\": \"УЗ «Борисовская центральная районная больница»\"}, {\"type\": \"experience\", \"title\": \"Заведующий\", \"period\": \"Ноябрь 2007 — декабрь 2015\", \"institution\": \"УЗ «Борисовская больница № 2»\"}, {\"type\": \"experience\", \"title\": \"Врач ультразвуковой диагностики\", \"period\": \"Декабрь 2015 — март 2020\", \"institution\": \"УЗ «Борисовская центральная районная больница»\"}, {\"type\": \"experience\", \"title\": \"Врач ультразвуковой диагностики\", \"period\": \"Апрель 2020 — июнь 2021\", \"institution\": \"ООО «ЛаВита-центр»\"}, {\"type\": \"experience\", \"title\": \"Врач ультразвуковой диагностики, заместитель директора по медицинской части\", \"period\": \"Июль 2021 — август 2022\", \"institution\": \"ООО «Клиника в Уручье»\"}, {\"type\": \"experience\", \"title\": \"Врач ультразвуковой диагностики\", \"period\": \"Сентябрь 2022 — март 2023\", \"institution\": \"ООО «Центр магнитно-резонансной томографии Ортоклиник»\"}, {\"type\": \"experience\", \"title\": \"Врач ультразвуковой диагностики\", \"period\": \"Апрель 2023 — апрель 2025\", \"institution\": \"ГУ «Республиканский научно-практический центр неврологии и нейрохирургии»\"}, {\"type\": \"experience\", \"title\": \"Врач ультразвуковой диагностики\", \"period\": \"Апрель 2025 — н.в.\", \"institution\": \"Медицинский центр «Маяк здоровья» ООО «ЗАРГА Медика»\"}, {\"type\": \"education\", \"title\": \"Интернатура «Терапия»\", \"period\": \"2003–2004\", \"institution\": \"\"}, {\"type\": \"education\", \"title\": \"ПК «Клиническая артрология»\", \"period\": \"2006\", \"institution\": \"\"}, {\"type\": \"education\", \"title\": \"ППГ «Ультразвуковая диагностика»\", \"period\": \"2007\", \"institution\": \"\"}, {\"type\": \"education\", \"title\": \"ППГ «Организация здравоохранения»\", \"period\": \"2010\", \"institution\": \"\"}, {\"type\": \"education\", \"title\": \"ПК «Эхокардиография в диагностике приобретённых пороков сердца, болезней эндокарда и перикарда»\", \"period\": \"2012\", \"institution\": \"\"}, {\"type\": \"education\", \"title\": \"ПК «Радиационная безопасность»\", \"period\": \"2013\", \"institution\": \"\"}, {\"type\": \"education\", \"title\": \"ПК «Основы эхокардиографии»\", \"period\": \"2013\", \"institution\": \"\"}, {\"type\": \"education\", \"title\": \"ПК «Ультразвуковая диагностика патологии сосудов нижних конечностей»\", \"period\": \"2017\", \"institution\": \"\"}, {\"type\": \"education\", \"title\": \"Ординатура «Ультразвуковая диагностика»\", \"period\": \"2017–2020\", \"institution\": \"\"}, {\"type\": \"education\", \"title\": \"ПК «Основы управления здравоохранением в Республике Беларусь»\", \"period\": \"2018\", \"institution\": \"\"}, {\"type\": \"education\", \"title\": \"ПК «Медицинская информатика и компьютерные технологии»\", \"period\": \"2018\", \"institution\": \"\"}, {\"type\": \"education\", \"title\": \"ПК «Ультразвуковое исследование периферических сосудов»\", \"period\": \"2022\", \"institution\": \"\"}]','active',0,'2026-04-20 07:08:48','2026-05-01 08:51:42'),(28,24,'Бегун','Игорь','Васильевич','begun-igor-vasilevich','highest',NULL,40,1986,'both','images/doctors/01KPRZTFF9A97Z4H6AYK2C2MMW.png','Игорь Васильевич Бегун — врач ультразвуковой диагностики высшей квалификационной категории, кандидат медицинских наук, доцент, со стажем более 39 лет. Обладает многолетним опытом работы в сфере функциональной и ультразвуковой диагностики, в том числе на руководящих должностях. В медицинском центре «Маяк Здоровья» ведет прием как врач УЗИ, сочетая глубокую клиническую подготовку, большой практический опыт и постоянное профессиональное развитие.',0.00,'[{\"type\": \"experience\", \"title\": \"Младший научный сотрудник, старший лаборант\", \"period\": \"1986 - 1989\", \"institution\": \"Минский Ордена Трудового Красного знамени государственный медицинский институт\"}, {\"type\": \"experience\", \"title\": \"Врач отделения функциональной диагностики\", \"period\": \"1989 - 1994\", \"institution\": \"Минский диагностический центр\"}, {\"type\": \"experience\", \"title\": \"Врач ультразвуковой диагностики (заведующий) отделения функциональной диагностики\", \"period\": \"1994 - н.в.\", \"institution\": \"7-ая городская клиническая больница\"}, {\"type\": \"experience\", \"title\": \"Врач ультразвуковой диагностики\", \"period\": \"Июль 2025 - н.в.\", \"institution\": \"Медицинский центр «Маяк здоровья»\"}, {\"type\": \"education\", \"title\": \"Интернатура «Педиатрия»\", \"period\": \"Ноябрь 2006 - октябрь 2007\", \"institution\": \"\"}, {\"type\": \"education\", \"title\": \"ППГ «Лучевая диагностика»\", \"period\": \"2009\", \"institution\": \"\"}, {\"type\": \"education\", \"title\": \"Конференция «Актуальные вопросы детской трансплантологии»\", \"period\": \"2010\", \"institution\": \"\"}, {\"type\": \"education\", \"title\": \"ПК «Интервенционная радиология»\", \"period\": \"2011\", \"institution\": \"\"}, {\"type\": \"education\", \"title\": \"Конференция «Высокотехнологичные методы оказания медицинской помощи в педиатрии»\", \"period\": \"2012\", \"institution\": \"\"}, {\"type\": \"education\", \"title\": \"Конференция «Современные медицинские технологии в решении проблем демографической безопасности»\", \"period\": \"2012\", \"institution\": \"\"}, {\"type\": \"education\", \"title\": \"Конференция «Ультразвуковая диагностика в онкологии»\", \"period\": \"2013\", \"institution\": \"\"}, {\"type\": \"education\", \"title\": \"ППГ «Ультразвуковая диагностика»\", \"period\": \"2014\", \"institution\": \"\"}, {\"type\": \"education\", \"title\": \"Семинар «Ультразвук»\", \"period\": \"2015\", \"institution\": \"\"}, {\"type\": \"education\", \"title\": \"ПК «Ультразвуковая диагностика патологии внутренних органов»\", \"period\": \"2017\", \"institution\": \"\"}, {\"type\": \"education\", \"title\": \"Семинар «Ультразвук»\", \"period\": \"2017\", \"institution\": \"\"}, {\"type\": \"education\", \"title\": \"Конференция «Актуальные вопросы ультразвуковой диагностики в педиатрии»\", \"period\": \"2018\", \"institution\": \"\"}, {\"type\": \"education\", \"title\": \"Семинар «Новые технологии в ультразвуковой диагностике»\", \"period\": \"2018\", \"institution\": \"\"}, {\"type\": \"education\", \"title\": \"Семинар «Ультразвук»\", \"period\": \"2018\", \"institution\": \"\"}, {\"type\": \"education\", \"title\": \"ПК «Клиническая трансторакальная эхокардиография»\", \"period\": \"2019\", \"institution\": \"\"}, {\"type\": \"education\", \"title\": \"ПК «Ультразвук»\", \"period\": \"2019\", \"institution\": \"\"}, {\"type\": \"education\", \"title\": \"Конференция «Актуальные вопросы детской онкологии, гематологии и иммунологии»\", \"period\": \"2019\", \"institution\": \"\"}, {\"type\": \"education\", \"title\": \"ПК «Правовое обеспечение деятельности по охране труда в организации»\", \"period\": \"2019\", \"institution\": \"\"}, {\"type\": \"education\", \"title\": \"Семинар «Новообразования кожи у детей и молодых взрослых»\", \"period\": \"2021\", \"institution\": \"\"}, {\"type\": \"education\", \"title\": \"Конференция «Актуальные вопросы детской онкологии, гематологии и иммунологии»\", \"period\": \"2021\", \"institution\": \"\"}, {\"type\": \"education\", \"title\": \"Конференция «Лучевая диагностика в клинической практике»\", \"period\": \"2023\", \"institution\": \"\"}, {\"type\": \"education\", \"title\": \"Конференция «Актуальные вопросы функциональной диагностики»\", \"period\": \"2023\", \"institution\": \"\"}, {\"type\": \"education\", \"title\": \"ПК «Ультразвуковая диагностика патологии органов пищеварения»\", \"period\": \"2024\", \"institution\": \"\"}, {\"type\": \"education\", \"title\": \"Конференция «Мышечно-скелетная радиология: мультимодальный и мультидисциплинарный подход»\", \"period\": \"2024\", \"institution\": \"\"}, {\"type\": \"education\", \"title\": \"Конференция «Актуальные вопросы детской онкологии, гематологии и иммунологии»\", \"period\": \"2024\", \"institution\": \"\"}, {\"type\": \"education\", \"title\": \"ПК «Миниинвазивные вмешательства под контролем ультразвука и рентгентелевидения»\", \"period\": \"2025\", \"institution\": \"\"}]','active',0,'2026-04-21 18:35:22','2026-04-22 06:54:45'),(29,23,'Никонович','Вадим','Васильевич','nikonovich','first',NULL,10,2016,'adults','images/doctors/01KPT1ZHP5F3KB9HHBWR9F27GY.png','Вадим Васильевич Никонович — врач-психотерапевт с первой квалификационной категорией и стажем работы 10 лет. Специализируется на когнитивно-поведенческой терапии, помогает при тревожных и навязчивых расстройствах, РПП, социальных фобиях, депрессии, прокрастинации и проблемах в отношениях. Также проводит семейное консультирование.',0.00,'[{\"type\": \"experience\", \"title\": \"\", \"period\": \"2012-2014гг.\", \"institution\": \"УЗ « Городской клинический психиатрический диспансер»\"}, {\"type\": \"experience\", \"title\": \"\", \"period\": \"2014-2017 гг.\", \"institution\": \"УЗ «Городской клинический наркологический диспансер»\"}, {\"type\": \"education\", \"title\": \"Окончил  лечебно - профилактическое дело.\", \"period\": \"2005 г.\", \"institution\": \"Гомельский государственный медицинский университет\"}, {\"type\": \"education\", \"title\": \"Интегративная терапия тревожно-фобических и депрессивных расстройств\", \"period\": \"2016 г.\", \"institution\": \"БелМАПО\"}]','active',0,'2026-04-22 04:37:54','2026-04-22 04:40:44'),(30,23,'Демко ','Дмитрий ','Федорович','demko','first',NULL,27,1999,'adults','images/doctors/01KPT2MY9W4AA1RQ34BFPHBACD.png','Дмитрий Федорович Демко — врач-психотерапевт с первой квалификационной категорией. Проводит консультации, помогает при социальных фобиях, прокрастинации, депрессии, проблемах во взаимоотношениях, занимается семейным консультированием. Имеет многолетний опыт и регулярно повышает квалификацию в области психотерапии, психиатрии и психосоматических расстройств.\n\nОбразование, практика\n1995 г. — Белорусский государственный медицинский университет\nКурсы повышения квалификации\n«Избранные вопросы психотерапии».\n«Психиатрия».\n«Диагностика и лечение тревожных расстройств».\n«Психотерапия психосоматических расстройств».\n«Диагностика и лечение тревожных расстройств».\n«Краткосрочные методы психотерапии».\n«Новое в диагностике и лечении психических и поведенческих расстройств».\n«Психосоматические заболевания и расстройства».\nДополнительные сведения\nIII съезд психиатров РБ, «Психиатрия и современное общество».\n\nРНПС «Краткосрочные методы психотерапии», ГУ «РНПЦ ПЗ».\n\nМНПК «Современный взгляд на проблемы когнитивных нарушений».\n\nСеминар «Центр экспертиз и испытаний в здравоохранении», Good Clinical Practice (GCP)',0.00,'[{\"type\": \"education\", \"title\": \"Психотерапия\", \"period\": \"1995 г.\", \"institution\": \"Белорусский государственный медицинский университет\"}]','active',0,'2026-04-22 04:49:35','2026-04-22 04:49:35'),(31,3,'Линник','Ольга','Вячеславовна','linnik-olga-vyacheslavovna','highest',NULL,10,2016,'both','images/doctors/01KPT99VEKB81V9JDGSQT70X7D.png','Ольга Вячеславовна Линник — врач-невролог высшей квалификационной категории со стажем 10 лет. В медицинском центре «Маяк Здоровья» ведет консультативный прием и выполняет лечебные блокады при заболеваниях нервной системы. Является членом Белорусского общества неврологов и Европейской академии неврологии (EAN), регулярно участвует в республиканских и международных научно-практических конференциях.',0.00,'[{\"type\": \"experience\", \"title\": \"Прохождение интернатуры\", \"period\": \"2011 - 2012\", \"institution\": \"ГУ «РНПЦ Неврологии и нейрохирургии»\"}, {\"type\": \"education\", \"title\": \"\", \"period\": \"2005 - 2011\", \"institution\": \"Белорусский государственный медицинский университет\"}, {\"type\": \"education\", \"title\": \"Современные технологии диагностики и лечения заболеваний нервной системы\", \"period\": \"2014\", \"institution\": \"\"}, {\"type\": \"education\", \"title\": \"Клиническая фармакология и рациональная фармакотерапия\", \"period\": \"\", \"institution\": \"\"}, {\"type\": \"education\", \"title\": \"Выступала с докладом на международном симпозиуме «Нейромышечные заболевания. От теории к клинической практике»\", \"period\": \"\", \"institution\": \"г. Краков, Польша\"}, {\"type\": \"education\", \"title\": \"Проходила обучение на Весенней школе для молодых неврологов, организованной Европейской федерацией неврологических сообществ\", \"period\": \"\", \"institution\": \"Чешская Республика\"}]','active',0,'2026-04-22 04:50:21','2026-04-22 06:45:52'),(32,2,' Бранковская','Елена','Юрьевна','brankovskaya-elena-yurevna','highest',NULL,10,2016,'both','images/doctors/01KPT65PKTV2XMAVM4AX2X8PN6.png','Елена Юрьевна Бранковская — врач-кардиолог высшей квалификационной категории, кандидат медицинских наук, со стажем 10 лет. Специализируется на профилактике, диагностике и лечении артериальной гипертензии, ишемической болезни сердца, нарушений ритма и проводимости, сердечной недостаточности. Сочетает клиническую практику, научную деятельность и современный подход к кардиологической помощи.',0.00,'[{\"type\": \"experience\", \"title\": \"Врач-интерн по специальности «Терапия»\", \"period\": \"2012\", \"institution\": \"Белорусская медицинская академия последипломного образования\"}, {\"type\": \"experience\", \"title\": \"Клинический ординатор по специальности «Кардиология»\", \"period\": \"2015 - 2018\", \"institution\": \"Белорусский государственный медицинский университет, кафедра кардиологии и внутренних болезней\"}, {\"type\": \"experience\", \"title\": \"Аспирант по специальности «Кардиология»\", \"period\": \"2017 – 2022\", \"institution\": \"Белорусский государственный медицинский университет, кафедра кардиологии и внутренних болезней\"}, {\"type\": \"education\", \"title\": \"Белорусский государственный медицинский университет, специальность «Лечебное дело»\", \"period\": \"\", \"institution\": \"\"}, {\"type\": \"education\", \"title\": \"Интернатура по специальности «Терапия»\", \"period\": \"2012\", \"institution\": \"\"}, {\"type\": \"education\", \"title\": \"Курсы повышения квалификации на базе Белорусской медицинской академии постдипломного образования «Клиническая кардиология»\", \"period\": \"2014\", \"institution\": \"\"}, {\"type\": \"education\", \"title\": \"Курсы повышения квалификации на базе Белорусской медицинской академии постдипломного образования «Медицинская экспертиза с основами реабилитации при основной инвалидизирующей патологии»\", \"period\": \"2018\", \"institution\": \"\"}, {\"type\": \"education\", \"title\": \"Обучение в клинической ординатуре по специальности «Кардиология» на кафедре кардиологии и внутренних болезней Белорусского государственного медицинского университета\", \"period\": \"2015 - 2018\", \"institution\": \"\"}]','active',0,'2026-04-22 05:51:10','2026-04-22 06:09:02'),(33,1,'Столярова','Татьяна','Игоревна','stolyarova-tatyana-igorevna','first',NULL,18,2006,'both','images/doctors/01KPTAHG2KNJRKFM0SJXBYP1W5.png','Татьяна Игоревна Столярова — врач-терапевт первой квалификационной категории со стажем 18 лет. В медицинском центре «Маяк Здоровья» занимается диагностикой, лечением и профилактикой широкого спектра терапевтических заболеваний: анемии, остеохондроза, заболеваний суставов, сахарного диабета 2 типа, сердечно-сосудистой патологии, заболеваний органов пищеварения и дыхательной системы.',0.00,'[{\"type\": \"experience\", \"title\": \"Врач-стажер по специальности «Терапия»\", \"period\": \"Август 2005 - Июль 2006\", \"institution\": \"УЗ «Минская областная клиническая больница»\"}, {\"type\": \"education\", \"title\": \"Переподготовка по специальности «Терапия»\", \"period\": \"Январь 2006 - апрель 2006\", \"institution\": \"\"}, {\"type\": \"education\", \"title\": \"Переподготовка по специальности «Общая врачебная практика»\", \"period\": \"Январь - май 2011\", \"institution\": \"\"}, {\"type\": \"education\", \"title\": \"Профилактика и ранняя диагностика злокачественных новообразований на амбулаторном этапе\", \"period\": \"2011\", \"institution\": \"\"}]','active',0,'2026-04-22 06:33:19','2026-04-22 07:07:31'),(34,10,'Боярчик','Валерий','Петрович','boyarchik-valerij-petrovich','highest',NULL,22,2003,'both','images/doctors/01KPTDADND540431XG0M4BB69F.png','Валерий Петрович Боярчик — врач-хирург по вопросам кардиохирургии, начальник медицинского центра, врач высшей квалификационной категории со стажем 22 года. Имеет профильную подготовку в области хирургии и кардиохирургии, регулярно проходит повышение квалификации по сердечно-сосудистой, рентгенэндоваскулярной и торакальной хирургии.',0.00,'[{\"type\": \"experience\", \"title\": \"Врач-стажер по специальности «Хирургия»\", \"period\": \"2004\", \"institution\": \"УЗ «ГКБ №4» г. Гродно\"}, {\"type\": \"experience\", \"title\": \"Клинический ординатор по специальности «Кардиохирургия»\", \"period\": \"2008\", \"institution\": \"ГУО «Белорусская медицинская академия последипломного образования»\"}, {\"type\": \"experience\", \"title\": \"Начальник медицинского центра, врач-хирург (по вопросам кардиохирургии)\", \"period\": \"2020 - н.в.\", \"institution\": \"Медицинский центр «Маяк Здоровья»\"}, {\"type\": \"education\", \"title\": \"Высшее медицинское образование\", \"period\": \"2003\", \"institution\": \"ГУО «Гродненский государственный медицинский университет»\"}, {\"type\": \"education\", \"title\": \"Стажировка по специальности «Хирургия»\", \"period\": \"2004\", \"institution\": \"УЗ «ГКБ №4» г. Гродно\"}, {\"type\": \"education\", \"title\": \"Хирургия сосудов и абдоминальная хирургия\", \"period\": \"2006\", \"institution\": \"БелМАПО\"}, {\"type\": \"education\", \"title\": \"Клиническая ординатура по специальности «Кардиохирургия»\", \"period\": \"2008\", \"institution\": \"ГУО «Белорусская медицинская академия последипломного образования»\"}, {\"type\": \"education\", \"title\": \"Информатика\", \"period\": \"2008\", \"institution\": \"БелМАПО\"}, {\"type\": \"education\", \"title\": \"Сердечно-сосудистая хирургия ишемической болезни сердца\", \"period\": \"2009\", \"institution\": \"БелМАПО\"}, {\"type\": \"education\", \"title\": \"Интенсивная терапия и анестезиологическое обеспечение органных трансплантаций и обширных операций на органах брюшной полости\", \"period\": \"2012\", \"institution\": \"БелМАПО\"}, {\"type\": \"education\", \"title\": \"Рентгенэндоваскулярная хирургия с аритмологией\", \"period\": \"2013\", \"institution\": \"БелМАПО\"}, {\"type\": \"education\", \"title\": \"Пороки сердца и торакальная хирургия\", \"period\": \"2016\", \"institution\": \"БелМАПО\"}, {\"type\": \"education\", \"title\": \"Рентгенэндоваскулярные методы диагностики и лечения\", \"period\": \"2020\", \"institution\": \"ГрГМУ\"}, {\"type\": \"education\", \"title\": \"Кардиохирургия с аритмологией\", \"period\": \"2023\", \"institution\": \"БелМАПО\"}]','active',0,'2026-04-22 07:35:27','2026-04-22 07:56:05'),(35,11,'Козел','Виктория','Александровна','kozel-viktoriya-aleksandrovna','highest',NULL,17,2009,'children','images/doctors/01KPTF9CCARXA42R6K304BTH1J.png','Виктория Александровна Козел — врач-детский эндокринолог высшей квалификационной категории со стажем 17 лет. Специализируется на диагностике, лечении и профилактике эндокринных заболеваний у детей, сочетая практический опыт, профильную подготовку и регулярное повышение квалификации в области детской эндокринологии.',0.00,'[{\"type\": \"experience\", \"title\": \"Врач-стажер по специальности «Педиатрия»\", \"period\": \"2007 – 2008\", \"institution\": \"УЗ «Брестская детская областная больница»\"}, {\"type\": \"experience\", \"title\": \"Клинический ординатор по специальности «Педиатрия»\", \"period\": \"2014 – 2017\", \"institution\": \"УО «Белорусский государственный медицинский университет»\"}, {\"type\": \"experience\", \"title\": \"Врач-детский эндокринолог\", \"period\": \"н.в\", \"institution\": \"Медицинский центр «Маяк Здоровья»\"}, {\"type\": \"education\", \"title\": \"Стажировка по специальности «Педиатрия»\", \"period\": \"2007 – 2008\", \"institution\": \"УЗ «Брестская детская областная больница»\"}, {\"type\": \"education\", \"title\": \"Клиническая ординатура по специальности «Педиатрия»\", \"period\": \"2014 – 2017\", \"institution\": \"УО «Белорусский государственный медицинский университет»\"}, {\"type\": \"education\", \"title\": \"Первичная, вторичная и третичная профилактика острых и хронических заболеваний детей и подростков\", \"period\": \"Сентябрь 2012\", \"institution\": \"\"}, {\"type\": \"education\", \"title\": \"Ультразвуковые методы исследования в детской онкологии\", \"period\": \"Ноябрь 2012\", \"institution\": \"\"}, {\"type\": \"education\", \"title\": \"Актуальные аспекты эндокринологии детского возраста\", \"period\": \"2018\", \"institution\": \"\"}, {\"type\": \"education\", \"title\": \"Клиническая эндокринология с курсом эндокринологии детского возраста\", \"period\": \"2023\", \"institution\": \"\"}, {\"type\": \"education\", \"title\": \"Клинические и лабораторные критерии диагностики эндокринных заболеваний у детей\", \"period\": \"2024\", \"institution\": \"\"}]','active',0,'2026-04-22 08:27:48','2026-04-22 08:30:28'),(36,5,' Сафина','Мадина','Рауфовна','safina-madina-raufovna','highest',NULL,42,1973,'both','images/doctors/01KQDH0B9C80H3YB09BZTNR5XZ.png','Мадина Рауфовна Сафина — врач-акушер-гинеколог высшей квалификационной категории, кандидат медицинских наук, доцент. Обладает глубокими знаниями во всех сферах акушерства и гинекологии, владеет современными диагностическими, лечебными, эндоскопическими и хирургическими методиками, а также методами эстетической гинекологии. Имеет большой практический и международный опыт, ведет прием в том числе иностранных граждан.',0.00,'[{\"type\": \"experience\", \"title\": \"Врач-онкогинеколог\", \"period\": \"1980–1986\", \"institution\": \"Республиканский клинический онкологический диспансер, г. Казань\"}, {\"type\": \"experience\", \"title\": \"Ассистент кафедры акушерства и гинекологии\", \"period\": \"1984–1990\", \"institution\": \"Казанский государственный медицинский институт\"}, {\"type\": \"experience\", \"title\": \"Сотрудник кафедры акушерства и гинекологии\", \"period\": \"1990–1999\", \"institution\": \"МГМИ\"}, {\"type\": \"experience\", \"title\": \"Заместитель главного врача по медицинской части\", \"period\": \"1999–2015\", \"institution\": \"УЗ «Городская гинекологическая больница»\"}, {\"type\": \"education\", \"title\": \"Высшее медицинское образование\", \"period\": \"1973–1979\", \"institution\": \"Казанский медицинский институт им. С. В. Курашова\"}, {\"type\": \"education\", \"title\": \"Интернатура\", \"period\": \"1979–1980\", \"institution\": \"Республиканская клиническая больница, г. Казань\"}, {\"type\": \"education\", \"title\": \"Современные методы диагностики и лечения злокачественных опухолей\", \"period\": \"1981\", \"institution\": \"\"}, {\"type\": \"education\", \"title\": \"2-ой альпийский семинар по клинической микробиологии анаэробных организмов\", \"period\": \"1995\", \"institution\": \"\"}, {\"type\": \"education\", \"title\": \"Стажировка по гинекологической лапароскопии\", \"period\": \"1996\", \"institution\": \"\"}, {\"type\": \"education\", \"title\": \"Клиническая иммунология\", \"period\": \"1999\", \"institution\": \"\"}, {\"type\": \"education\", \"title\": \"Эндокринология в акушерстве и гинекологии\", \"period\": \"2002\", \"institution\": \"\"}, {\"type\": \"education\", \"title\": \"Урогинекология; современные технологии в лечении пролапса гениталий — система реконструкции тазового дна GINECAR PROLIFT\", \"period\": \"2006\", \"institution\": \"г. Москва\"}, {\"type\": \"education\", \"title\": \"Международный конгресс по гинекологической эндокринологии\", \"period\": \"2010\", \"institution\": \"Флоренция\"}, {\"type\": \"education\", \"title\": \"Аурикулорефлексотерапия\", \"period\": \"2012\", \"institution\": \"\"}, {\"type\": \"education\", \"title\": \"Конгресс по гинекологической эндоскопии и минимальной инвазивной хирургии\", \"period\": \"2013\", \"institution\": \"\"}, {\"type\": \"education\", \"title\": \"Физиология и патология перименопаузального периода\", \"period\": \"2014\", \"institution\": \"\"}, {\"type\": \"education\", \"title\": \"Проблемы репродуктивного здоровья при осложнениях беременности и родах высокого риска\", \"period\": \"2017\", \"institution\": \"\"}]','active',0,'2026-04-29 18:06:03','2026-04-29 18:14:33'),(37,9,' Гресь','Александр','Николаевич','gres-aleksandr-nikolaevich','first',NULL,15,2008,'both','images/doctors/01KQEJNTZ3G2Q377C9XSXQMFX1.png','Александр Николаевич Гресь — врач-проктолог первой квалификационной категории. Специализируется на консультативном приеме с полным проктологическим осмотром, выполнении малоинвазивных вмешательств в амбулаторной хирургии и проктологии, лечении геморроидальной болезни и хронических анальных трещин современными методами.',0.00,'[{\"type\": \"experience\", \"title\": \"Врач-стажер по специальности «Хирургия»\", \"period\": \"2008\", \"institution\": \"Минская ордена Трудового Красного Знамени областная клиническая больница\"}, {\"type\": \"experience\", \"title\": \"Клинический ординатор по специальности «Хирургия»\", \"period\": \"2013\", \"institution\": \"\"}, {\"type\": \"experience\", \"title\": \"Врач-проктолог\", \"period\": \"н.в.\", \"institution\": \"Медицинский центр «Маяк Здоровья»\"}, {\"type\": \"education\", \"title\": \"Высшее медицинское образование\", \"period\": \"2007\", \"institution\": \"Белорусский государственный медицинский университет\"}, {\"type\": \"education\", \"title\": \"Стажировка по специальности «Хирургия»\", \"period\": \"2008\", \"institution\": \"Минская ордена Трудового Красного Знамени областная клиническая больница\"}, {\"type\": \"education\", \"title\": \"Клиническая ординатура по специальности «Хирургия»\", \"period\": \"2013\", \"institution\": \"\"}, {\"type\": \"education\", \"title\": \"Современные технологии в хирургической практике. Инфекции в хирургии\", \"period\": \"2010\", \"institution\": \"\"}, {\"type\": \"education\", \"title\": \"Основы управления здравоохранением в Республике Беларусь\", \"period\": \"2010\", \"institution\": \"\"}, {\"type\": \"education\", \"title\": \"Клиническая фармакология\", \"period\": \"2011\", \"institution\": \"\"}, {\"type\": \"education\", \"title\": \"Медицинская информатика и компьютерные технологии\", \"period\": \"2011\", \"institution\": \"\"}, {\"type\": \"education\", \"title\": \"Лазерная хирургия\", \"period\": \"2014\", \"institution\": \"\"}, {\"type\": \"education\", \"title\": \"Неотложная хирургия органов желудочно-кишечного тракта\", \"period\": \"2016\", \"institution\": \"\"}]','active',0,'2026-04-30 03:46:02','2026-04-30 03:54:30');
/*!40000 ALTER TABLE `doctors` ENABLE KEYS */;
UNLOCK TABLES;

--
-- Table structure for table `documents`
--

DROP TABLE IF EXISTS `documents`;
/*!40101 SET @saved_cs_client     = @@character_set_client */;
/*!50503 SET character_set_client = utf8mb4 */;
CREATE TABLE `documents` (
  `id` bigint unsigned NOT NULL AUTO_INCREMENT,
  `title` varchar(255) CHARACTER SET utf8mb4 COLLATE utf8mb4_unicode_ci NOT NULL,
  `label` varchar(255) CHARACTER SET utf8mb4 COLLATE utf8mb4_unicode_ci DEFAULT NULL,
  `text` text CHARACTER SET utf8mb4 COLLATE utf8mb4_unicode_ci,
  `url` varchar(255) CHARACTER SET utf8mb4 COLLATE utf8mb4_unicode_ci NOT NULL,
  `sort_order` int NOT NULL DEFAULT '0',
  `is_active` tinyint(1) NOT NULL DEFAULT '1',
  `created_at` timestamp NULL DEFAULT NULL,
  `updated_at` timestamp NULL DEFAULT NULL,
  PRIMARY KEY (`id`)
) ENGINE=InnoDB AUTO_INCREMENT=6 DEFAULT CHARSET=utf8mb4 COLLATE=utf8mb4_unicode_ci;
/*!40101 SET character_set_client = @saved_cs_client */;

--
-- Dumping data for table `documents`
--

LOCK TABLES `documents` WRITE;
/*!40000 ALTER TABLE `documents` DISABLE KEYS */;
INSERT INTO `documents` VALUES (1,'Лицензия на медицинскую деятельность','Основной документ','Официальная лицензия, подтверждающая право клиники на оказание медицинских услуг.','https://license.gov.by/onelicense/174652',10,1,'2026-04-28 14:38:11','2026-04-28 14:38:11'),(2,'Договор публичной оферты','Для пациентов','Условия оказания услуг, порядок взаимодействия и основные положения публичного договора.','https://lighthouse.by/dogovor.pdf',20,1,'2026-04-28 14:38:12','2026-04-28 14:38:12'),(3,'Политика конфиденциальности','Конфиденциальность','Информация об обработке персональных данных, защите приватности и правилах хранения данных.','https://lighthouse.by/politika-konfidenczialnosti/',30,1,'2026-04-28 14:38:12','2026-04-28 14:38:12'),(4,'Правила внутреннего распорядка для пациентов','Порядок посещения','Правила посещения клиники, взаимодействия с персоналом и порядок получения медицинской помощи.','https://lighthouse.by/pvr-dlya-pacientov.pdf',40,1,'2026-04-28 14:38:12','2026-04-28 14:38:12'),(5,'Свидетельство о государственной регистрации','Регистрация','Регистрационный документ, подтверждающий официальную деятельность медицинского центра.','https://lighthouse.by/registraciya.pdf',50,1,'2026-04-28 14:38:12','2026-04-28 14:38:12');
/*!40000 ALTER TABLE `documents` ENABLE KEYS */;
UNLOCK TABLES;

--
-- Table structure for table `equipments`
--

DROP TABLE IF EXISTS `equipments`;
/*!40101 SET @saved_cs_client     = @@character_set_client */;
/*!50503 SET character_set_client = utf8mb4 */;
CREATE TABLE `equipments` (
  `id` bigint unsigned NOT NULL AUTO_INCREMENT,
  `name` varchar(255) CHARACTER SET utf8mb4 COLLATE utf8mb4_unicode_ci NOT NULL,
  `slug` varchar(255) CHARACTER SET utf8mb4 COLLATE utf8mb4_unicode_ci NOT NULL,
  `tag` varchar(255) CHARACTER SET utf8mb4 COLLATE utf8mb4_unicode_ci DEFAULT NULL,
  `kicker` varchar(255) CHARACTER SET utf8mb4 COLLATE utf8mb4_unicode_ci DEFAULT NULL,
  `subtitle` varchar(255) CHARACTER SET utf8mb4 COLLATE utf8mb4_unicode_ci DEFAULT NULL,
  `summary` text CHARACTER SET utf8mb4 COLLATE utf8mb4_unicode_ci,
  `description` longtext CHARACTER SET utf8mb4 COLLATE utf8mb4_unicode_ci,
  `image` varchar(255) CHARACTER SET utf8mb4 COLLATE utf8mb4_unicode_ci DEFAULT NULL,
  `card_image` varchar(255) CHARACTER SET utf8mb4 COLLATE utf8mb4_unicode_ci DEFAULT NULL,
  `sort_order` int NOT NULL DEFAULT '0',
  `status` varchar(255) CHARACTER SET utf8mb4 COLLATE utf8mb4_unicode_ci NOT NULL DEFAULT 'active',
  `created_at` timestamp NULL DEFAULT NULL,
  `updated_at` timestamp NULL DEFAULT NULL,
  PRIMARY KEY (`id`),
  UNIQUE KEY `equipments_slug_unique` (`slug`)
) ENGINE=InnoDB AUTO_INCREMENT=9 DEFAULT CHARSET=utf8mb4 COLLATE=utf8mb4_unicode_ci;
/*!40101 SET character_set_client = @saved_cs_client */;

--
-- Dumping data for table `equipments`
--

LOCK TABLES `equipments` WRITE;
/*!40000 ALTER TABLE `equipments` DISABLE KEYS */;
INSERT INTO `equipments` VALUES (1,'Ультразвуковая система «Philips ClearVue 550» (США) высокого класса','philips-clearvue-550','УЗ-диагностика','Медицинское оборудование','Современная экспертная УЗ-система','Позволяет выполнять широкий спектр ультразвуковых исследований: органы брюшной полости, малые и поверхностно расположенные органы, педиатрия, скелетно-мышечная система, урология.','Philips ClearVue 550 — ультразвуковая система высокого класса.\n\nПозволяет выполнять широкий спектр ультразвуковых исследований: органы брюшной полости, малые и поверхностно расположенные органы, педиатрия, скелетно-мышечная система, урология, предстательная железа, акушерство и гинекология, сердце, сосуды и транскраниальная доплерография.\n\nВысокая детализация изображения и точность измерений делают этот аппарат универсальным инструментом для постановки диагноза.','images/medical_equipment/clearvue550_front.png','images/medical_equipment/clearvue550_front.png',10,'active','2026-04-28 12:22:14','2026-04-28 12:22:14'),(2,'Видеокольпоскоп «3MVC LED USB» (Германия) с 3-х ступенчатым увеличением','3mvc-led-usb','Гинекология','Медицинское оборудование','Высокоточный видеокольпоскоп','Позволяет врачу вывести на экран в высоком разрешении имеющиеся патологии у пациента при осмотре.','Видеокольпоскоп 3MVC LED USB — компактный аппарат для современной гинекологии.\n\nПозволяет врачу вывести на экран в высоком разрешении имеющиеся патологии у пациента при осмотре. Три ступени увеличения дают возможность детально изучить состояние тканей.\n\nУдобный USB-интерфейс и LED-подсветка обеспечивают качественное изображение и простоту использования.','images/medical_equipment/videokalposkop-1.png','images/medical_equipment/videokalposkop-1.png',20,'active','2026-04-28 12:22:14','2026-04-28 12:22:14'),(3,'Фракционный лазер «CO2RE» (США) выделяющий волны двойного лазера','co2re-laser','Лазерные технологии','Медицинское оборудование','Единственный CO2 лазер с 7 вариантами лечения','Единственный CO2 лазер, имеющий 7 вариантов лечения, 5 из которых предназначены для обновления кожи.','Фракционный лазер CO2RE — это единственный CO2 лазер, имеющий 7 вариантов лечения, 5 из которых предназначены для обновления кожи.\n\nДвойная лазерная волна обеспечивает одновременную обработку поверхностного и глубокого слоёв кожи, что позволяет добиться выраженного омолаживающего эффекта за минимальное количество процедур.\n\nПрименяется при:\n- возрастных изменениях кожи\n- рубцах постакне\n- пигментации\n- мелких морщинах и потере упругости\n\nПроцедуры проводятся в комфортных условиях с применением современных протоколов обезболивания.','images/medical_equipment/frakczionnyj-lazer-1-1.png','images/medical_equipment/frakczionnyj-lazer-1-1.png',30,'active','2026-04-28 12:22:14','2026-04-28 12:22:14'),(4,'Лазерный аппарат «Mediola Compact» для широкого спектра процедур','mediola-compact','Аппаратные методики','Медицинское оборудование','Универсальный лазерный аппарат','Позволяет проводить хирургические манипуляции в разных направлениях медицинских услуг.','Mediola Compact — компактный универсальный лазерный аппарат.\n\nПозволяет проводить хирургические манипуляции в разных направлениях медицинских услуг: от косметологии до хирургии.\n\nОсобенности аппарата:\n- высокая точность воздействия\n- минимальная травматичность\n- быстрое восстановление\n- широкий выбор насадок и режимов','images/medical_equipment/mediola-compact-4-1.png','images/medical_equipment/mediola-compact-4-1.png',40,'active','2026-04-28 12:22:14','2026-04-28 12:22:14'),(5,'Радиоволновой генератор «Surgitron® Dual EMC™ 90» для хирургических процедур','surgitron-dual-emc-90','Радиоволновая хирургия','Медицинское оборудование','Точные атравматичные разрезы','Генератор позволяет врачу-хирургу виртуозно выполнять точные, атравматичные разрезы кожи и тканей при температуре от 38° до 80° С.','Радиоволновой генератор Surgitron Dual EMC 90 — современный аппарат для хирургических вмешательств.\n\nГенератор позволяет врачу-хирургу виртуозно выполнять точные, атравматичные разрезы кожи и тканей при температуре от 38° до 80° С с абсолютной безопасностью для себя и пациента, обеспечивая великолепный результат.\n\nПреимущества метода:\n- минимальная кровопотеря\n- быстрое заживление\n- отсутствие грубых рубцов\n- безболезненность процедуры','images/medical_equipment/generator-radiovolnovoj-40-mgcz-surgitron™-dual-emc-90-1-1.png','images/medical_equipment/generator-radiovolnovoj-40-mgcz-surgitron™-dual-emc-90-1-1.png',50,'active','2026-04-28 12:22:14','2026-04-28 12:22:14'),(6,'Ультразвуковая система «Philips Affiniti 50» (США) экспертного класса','philips-affiniti-50','Экспертное УЗИ','Медицинское оборудование','Экспертная УЗ-диагностика','Способен выводить на монитор высокодетализированные изображения для эффективной и точной диагностики.','Philips Affiniti 50 — ультразвуковая система экспертного класса.\n\nСпособен выводить на монитор высокодетализированные изображения, с которыми диагностика всегда будет максимально эффективной, точной и достоверной.\n\nИспользуется для исследований сердца, сосудов, органов брюшной полости и малого таза. Обеспечивает максимальную диагностическую точность даже в самых сложных клинических ситуациях.','images/medical_equipment/uzi-affiniti-50-1-1.png','images/medical_equipment/uzi-affiniti-50-1-1.png',60,'active','2026-04-28 12:22:14','2026-04-28 12:22:14'),(7,'Ультразвуковой сканер «VINNO 6» высокого класса','vinno-6','Портативное сканирование','Медицинское оборудование','Портативный УЗ-сканер','Благодаря этому аппарату специалист имеет возможность получить сведения о структуре, размерах и расположении внутренних органов пациента.','VINNO 6 — портативный ультразвуковой сканер высокого класса.\n\nБлагодаря этому аппарату специалист имеет возможность получить сведения о структуре, размерах и расположении внутренних органов пациента.\n\nПодходит для широкого спектра исследований и удобен в применении благодаря компактности и интуитивному интерфейсу.','images/medical_equipment/perenosnoj-skaner-vysokogo-klassa-vinno-6-3-1.png','images/medical_equipment/perenosnoj-skaner-vysokogo-klassa-vinno-6-3-1.png',70,'active','2026-04-28 12:22:14','2026-04-28 12:22:14'),(8,'Центрифуга «Medifuge» (США) для проведения процедур с плазмой крови','medifuge','Плазмотерапия','Медицинское оборудование','Подготовка аутологичной плазмы','За 15 минут подготавливает аутологичную плазму для проведения процедур с её применением.','Medifuge — центрифуга для подготовки аутологичной плазмы крови.\n\nЗа 15 минут подготавливает аутологичную плазму для проведения процедур с её применением.\n\nПлазмолифтинг применяется в:\n- косметологии — омоложение кожи лица и тела\n- ортопедии — лечение суставов\n- гинекологии — восстановительные процедуры\n- трихологии — стимуляция роста волос','images/medical_equipment/czentrifuga-1-1.png','images/medical_equipment/czentrifuga-1-1.png',80,'active','2026-04-28 12:22:14','2026-04-28 12:22:14');
/*!40000 ALTER TABLE `equipments` ENABLE KEYS */;
UNLOCK TABLES;

--
-- Table structure for table `failed_jobs`
--

DROP TABLE IF EXISTS `failed_jobs`;
/*!40101 SET @saved_cs_client     = @@character_set_client */;
/*!50503 SET character_set_client = utf8mb4 */;
CREATE TABLE `failed_jobs` (
  `id` bigint unsigned NOT NULL AUTO_INCREMENT,
  `uuid` varchar(255) CHARACTER SET utf8mb4 COLLATE utf8mb4_unicode_ci NOT NULL,
  `connection` text CHARACTER SET utf8mb4 COLLATE utf8mb4_unicode_ci NOT NULL,
  `queue` text CHARACTER SET utf8mb4 COLLATE utf8mb4_unicode_ci NOT NULL,
  `payload` longtext CHARACTER SET utf8mb4 COLLATE utf8mb4_unicode_ci NOT NULL,
  `exception` longtext CHARACTER SET utf8mb4 COLLATE utf8mb4_unicode_ci NOT NULL,
  `failed_at` timestamp NOT NULL DEFAULT CURRENT_TIMESTAMP,
  PRIMARY KEY (`id`),
  UNIQUE KEY `failed_jobs_uuid_unique` (`uuid`)
) ENGINE=InnoDB DEFAULT CHARSET=utf8mb4 COLLATE=utf8mb4_unicode_ci;
/*!40101 SET character_set_client = @saved_cs_client */;

--
-- Dumping data for table `failed_jobs`
--

LOCK TABLES `failed_jobs` WRITE;
/*!40000 ALTER TABLE `failed_jobs` DISABLE KEYS */;
/*!40000 ALTER TABLE `failed_jobs` ENABLE KEYS */;
UNLOCK TABLES;

--
-- Table structure for table `job_batches`
--

DROP TABLE IF EXISTS `job_batches`;
/*!40101 SET @saved_cs_client     = @@character_set_client */;
/*!50503 SET character_set_client = utf8mb4 */;
CREATE TABLE `job_batches` (
  `id` varchar(255) CHARACTER SET utf8mb4 COLLATE utf8mb4_unicode_ci NOT NULL,
  `name` varchar(255) CHARACTER SET utf8mb4 COLLATE utf8mb4_unicode_ci NOT NULL,
  `total_jobs` int NOT NULL,
  `pending_jobs` int NOT NULL,
  `failed_jobs` int NOT NULL,
  `failed_job_ids` longtext CHARACTER SET utf8mb4 COLLATE utf8mb4_unicode_ci NOT NULL,
  `options` mediumtext CHARACTER SET utf8mb4 COLLATE utf8mb4_unicode_ci,
  `cancelled_at` int DEFAULT NULL,
  `created_at` int NOT NULL,
  `finished_at` int DEFAULT NULL,
  PRIMARY KEY (`id`)
) ENGINE=InnoDB DEFAULT CHARSET=utf8mb4 COLLATE=utf8mb4_unicode_ci;
/*!40101 SET character_set_client = @saved_cs_client */;

--
-- Dumping data for table `job_batches`
--

LOCK TABLES `job_batches` WRITE;
/*!40000 ALTER TABLE `job_batches` DISABLE KEYS */;
/*!40000 ALTER TABLE `job_batches` ENABLE KEYS */;
UNLOCK TABLES;

--
-- Table structure for table `jobs`
--

DROP TABLE IF EXISTS `jobs`;
/*!40101 SET @saved_cs_client     = @@character_set_client */;
/*!50503 SET character_set_client = utf8mb4 */;
CREATE TABLE `jobs` (
  `id` bigint unsigned NOT NULL AUTO_INCREMENT,
  `queue` varchar(255) CHARACTER SET utf8mb4 COLLATE utf8mb4_unicode_ci NOT NULL,
  `payload` longtext CHARACTER SET utf8mb4 COLLATE utf8mb4_unicode_ci NOT NULL,
  `attempts` tinyint unsigned NOT NULL,
  `reserved_at` int unsigned DEFAULT NULL,
  `available_at` int unsigned NOT NULL,
  `created_at` int unsigned NOT NULL,
  PRIMARY KEY (`id`),
  KEY `jobs_queue_index` (`queue`)
) ENGINE=InnoDB DEFAULT CHARSET=utf8mb4 COLLATE=utf8mb4_unicode_ci;
/*!40101 SET character_set_client = @saved_cs_client */;

--
-- Dumping data for table `jobs`
--

LOCK TABLES `jobs` WRITE;
/*!40000 ALTER TABLE `jobs` DISABLE KEYS */;
/*!40000 ALTER TABLE `jobs` ENABLE KEYS */;
UNLOCK TABLES;

--
-- Table structure for table `licenses`
--

DROP TABLE IF EXISTS `licenses`;
/*!40101 SET @saved_cs_client     = @@character_set_client */;
/*!50503 SET character_set_client = utf8mb4 */;
CREATE TABLE `licenses` (
  `id` bigint unsigned NOT NULL AUTO_INCREMENT,
  `image` varchar(255) CHARACTER SET utf8mb4 COLLATE utf8mb4_unicode_ci NOT NULL,
  `caption` varchar(255) CHARACTER SET utf8mb4 COLLATE utf8mb4_unicode_ci DEFAULT NULL,
  `sort_order` int NOT NULL DEFAULT '0',
  `created_at` timestamp NULL DEFAULT NULL,
  `updated_at` timestamp NULL DEFAULT NULL,
  PRIMARY KEY (`id`)
) ENGINE=InnoDB AUTO_INCREMENT=9 DEFAULT CHARSET=utf8mb4 COLLATE=utf8mb4_unicode_ci;
/*!40101 SET character_set_client = @saved_cs_client */;

--
-- Dumping data for table `licenses`
--

LOCK TABLES `licenses` WRITE;
/*!40000 ALTER TABLE `licenses` DISABLE KEYS */;
INSERT INTO `licenses` VALUES (6,'images/license-1.png','Лицензия на медицинскую деятельность',0,'2026-04-20 06:25:35','2026-04-20 06:25:35'),(7,'images/license-2.png','Дополнение к лицензии',1,'2026-04-20 06:25:35','2026-04-20 06:25:35'),(8,'images/license-3.png','Перечень работ и услуг',2,'2026-04-20 06:25:35','2026-04-20 06:25:35');
/*!40000 ALTER TABLE `licenses` ENABLE KEYS */;
UNLOCK TABLES;

--
-- Table structure for table `media`
--

DROP TABLE IF EXISTS `media`;
/*!40101 SET @saved_cs_client     = @@character_set_client */;
/*!50503 SET character_set_client = utf8mb4 */;
CREATE TABLE `media` (
  `id` bigint unsigned NOT NULL AUTO_INCREMENT,
  `filename` varchar(255) CHARACTER SET utf8mb4 COLLATE utf8mb4_unicode_ci NOT NULL,
  `original_name` varchar(255) CHARACTER SET utf8mb4 COLLATE utf8mb4_unicode_ci NOT NULL,
  `path` varchar(500) CHARACTER SET utf8mb4 COLLATE utf8mb4_unicode_ci NOT NULL,
  `size` bigint unsigned NOT NULL DEFAULT '0',
  `mime_type` varchar(100) CHARACTER SET utf8mb4 COLLATE utf8mb4_unicode_ci NOT NULL,
  `folder` varchar(100) CHARACTER SET utf8mb4 COLLATE utf8mb4_unicode_ci NOT NULL DEFAULT 'other',
  `created_at` timestamp NULL DEFAULT NULL,
  `updated_at` timestamp NULL DEFAULT NULL,
  PRIMARY KEY (`id`),
  KEY `media_folder_index` (`folder`)
) ENGINE=InnoDB DEFAULT CHARSET=utf8mb4 COLLATE=utf8mb4_unicode_ci;
/*!40101 SET character_set_client = @saved_cs_client */;

--
-- Dumping data for table `media`
--

LOCK TABLES `media` WRITE;
/*!40000 ALTER TABLE `media` DISABLE KEYS */;
/*!40000 ALTER TABLE `media` ENABLE KEYS */;
UNLOCK TABLES;

--
-- Table structure for table `migrations`
--

DROP TABLE IF EXISTS `migrations`;
/*!40101 SET @saved_cs_client     = @@character_set_client */;
/*!50503 SET character_set_client = utf8mb4 */;
CREATE TABLE `migrations` (
  `id` int unsigned NOT NULL AUTO_INCREMENT,
  `migration` varchar(255) CHARACTER SET utf8mb4 COLLATE utf8mb4_unicode_ci NOT NULL,
  `batch` int NOT NULL,
  PRIMARY KEY (`id`)
) ENGINE=InnoDB AUTO_INCREMENT=38 DEFAULT CHARSET=utf8mb4 COLLATE=utf8mb4_unicode_ci;
/*!40101 SET character_set_client = @saved_cs_client */;

--
-- Dumping data for table `migrations`
--

LOCK TABLES `migrations` WRITE;
/*!40000 ALTER TABLE `migrations` DISABLE KEYS */;
INSERT INTO `migrations` VALUES (1,'0001_01_01_000000_create_users_table',1),(2,'0001_01_01_000001_create_cache_table',1),(3,'0001_01_01_000002_create_jobs_table',1),(4,'2025_01_01_000002_create_specializations_table',1),(5,'2025_01_01_000003_create_doctors_table',1),(6,'2025_01_01_000004_create_directions_table',1),(7,'2025_01_01_000005_create_services_table',1),(8,'2025_01_01_000006_create_doctor_service_table',1),(9,'2025_01_01_000007_create_appointments_table',1),(10,'2025_01_01_000008_create_reviews_table',1),(11,'2025_01_01_000009_create_article_categories_table',1),(12,'2025_01_01_000010_create_articles_table',1),(13,'2025_01_01_000011_create_promotion_categories_table',1),(14,'2025_01_01_000012_create_promotions_table',1),(15,'2025_01_01_000013_create_licenses_table',1),(16,'2025_01_01_000014_create_media_table',1),(17,'2025_01_01_000015_create_pages_table',1),(18,'2025_01_01_000016_create_settings_table',1),(19,'2026_01_01_000001_add_details_to_directions_table',2),(20,'2026_01_01_000002_add_rating_to_doctors_table',2),(21,'2026_04_20_160000_add_author_doctor_id_to_articles_table',3),(22,'2026_04_21_120000_add_icon_image_to_directions_table',4),(23,'2026_04_27_120000_create_equipments_table',5),(24,'2026_04_28_120000_create_promo_slides_table',6),(25,'2026_04_28_140000_create_documents_table',7),(26,'2026_04_28_141000_create_vacancies_table',7),(27,'2026_05_01_100000_add_academic_degree_to_doctors_table',8),(28,'2026_05_02_000001_create_patients_table',9),(29,'2026_05_02_000002_create_patient_otps_table',9),(30,'2026_05_02_000003_add_patient_and_espo_to_appointments_table',9),(31,'2026_05_02_000004_add_espo_sync_flags_to_patients_and_appointments_table',10),(32,'2026_05_15_000000_create_personal_access_tokens_table',10),(33,'2026_05_16_000000_create_doctor_schedules_table',11),(34,'2026_05_16_100000_add_duration_minutes_to_services_table',11),(35,'2026_05_16_200000_extend_appointments_for_booking_table',11),(36,'2026_05_16_210000_create_appointment_events_table',11),(37,'2026_05_17_100000_add_email_to_patients_table',11);
/*!40000 ALTER TABLE `migrations` ENABLE KEYS */;
UNLOCK TABLES;

--
-- Table structure for table `pages`
--

DROP TABLE IF EXISTS `pages`;
/*!40101 SET @saved_cs_client     = @@character_set_client */;
/*!50503 SET character_set_client = utf8mb4 */;
CREATE TABLE `pages` (
  `id` bigint unsigned NOT NULL AUTO_INCREMENT,
  `slug` varchar(255) CHARACTER SET utf8mb4 COLLATE utf8mb4_unicode_ci NOT NULL,
  `title` varchar(255) CHARACTER SET utf8mb4 COLLATE utf8mb4_unicode_ci NOT NULL,
  `content` json DEFAULT NULL,
  `created_at` timestamp NULL DEFAULT NULL,
  `updated_at` timestamp NULL DEFAULT NULL,
  PRIMARY KEY (`id`),
  UNIQUE KEY `pages_slug_unique` (`slug`)
) ENGINE=InnoDB AUTO_INCREMENT=4 DEFAULT CHARSET=utf8mb4 COLLATE=utf8mb4_unicode_ci;
/*!40101 SET character_set_client = @saved_cs_client */;

--
-- Dumping data for table `pages`
--

LOCK TABLES `pages` WRITE;
/*!40000 ALTER TABLE `pages` DISABLE KEYS */;
INSERT INTO `pages` VALUES (1,'home','Главная','{\"hero\": {\"badge\": \"Более 20 лет опыта\", \"image\": \"images/hero.jpg\", \"title\": \"Маяк Здоровья\", \"subtitle\": \"Многопрофильная клиника в Минске\"}, \"features\": [{\"icon\": \"fa-user-doctor\", \"text\": \"Врачи высшей и первой категории\", \"title\": \"Опытные специалисты\"}, {\"icon\": \"fa-microscope\", \"text\": \"Оборудование экспертного класса\", \"title\": \"Современное оборудование\"}, {\"icon\": \"fa-clock\", \"text\": \"Приём 7 дней в неделю, без очередей\", \"title\": \"Удобная запись\"}, {\"icon\": \"fa-shield-heart\", \"text\": \"Работаем по международным стандартам\", \"title\": \"Гарантия качества\"}]}','2026-04-20 05:55:45','2026-04-20 07:08:49'),(2,'about','О клинике','{\"intro\": \"Клиника «Маяк Здоровья» — многопрофильный медицинский центр в Минске с более чем 20-летним опытом.\", \"stats\": [{\"label\": \"лет опыта\", \"value\": \"20+\"}, {\"label\": \"врачей\", \"value\": \"50+\"}, {\"label\": \"пациентов\", \"value\": \"100 000+\"}, {\"label\": \"направлений\", \"value\": \"15\"}]}','2026-04-20 05:55:45','2026-04-20 07:08:49'),(3,'search','Поиск по сайту','[]','2026-04-20 05:55:45','2026-04-20 05:55:45');
/*!40000 ALTER TABLE `pages` ENABLE KEYS */;
UNLOCK TABLES;

--
-- Table structure for table `password_reset_tokens`
--

DROP TABLE IF EXISTS `password_reset_tokens`;
/*!40101 SET @saved_cs_client     = @@character_set_client */;
/*!50503 SET character_set_client = utf8mb4 */;
CREATE TABLE `password_reset_tokens` (
  `email` varchar(255) CHARACTER SET utf8mb4 COLLATE utf8mb4_unicode_ci NOT NULL,
  `token` varchar(255) CHARACTER SET utf8mb4 COLLATE utf8mb4_unicode_ci NOT NULL,
  `created_at` timestamp NULL DEFAULT NULL,
  PRIMARY KEY (`email`)
) ENGINE=InnoDB DEFAULT CHARSET=utf8mb4 COLLATE=utf8mb4_unicode_ci;
/*!40101 SET character_set_client = @saved_cs_client */;

--
-- Dumping data for table `password_reset_tokens`
--

LOCK TABLES `password_reset_tokens` WRITE;
/*!40000 ALTER TABLE `password_reset_tokens` DISABLE KEYS */;
/*!40000 ALTER TABLE `password_reset_tokens` ENABLE KEYS */;
UNLOCK TABLES;

--
-- Table structure for table `patient_otps`
--

DROP TABLE IF EXISTS `patient_otps`;
/*!40101 SET @saved_cs_client     = @@character_set_client */;
/*!50503 SET character_set_client = utf8mb4 */;
CREATE TABLE `patient_otps` (
  `id` bigint unsigned NOT NULL AUTO_INCREMENT,
  `phone` varchar(20) CHARACTER SET utf8mb4 COLLATE utf8mb4_unicode_ci NOT NULL,
  `code` varchar(32) CHARACTER SET utf8mb4 COLLATE utf8mb4_unicode_ci NOT NULL,
  `expires_at` timestamp NOT NULL,
  `consumed_at` timestamp NULL DEFAULT NULL,
  `created_at` timestamp NULL DEFAULT NULL,
  `updated_at` timestamp NULL DEFAULT NULL,
  PRIMARY KEY (`id`),
  KEY `patient_otps_phone_consumed_at_index` (`phone`,`consumed_at`),
  KEY `patient_otps_phone_index` (`phone`)
) ENGINE=InnoDB AUTO_INCREMENT=40 DEFAULT CHARSET=utf8mb4 COLLATE=utf8mb4_unicode_ci;
/*!40101 SET character_set_client = @saved_cs_client */;

--
-- Dumping data for table `patient_otps`
--

LOCK TABLES `patient_otps` WRITE;
/*!40000 ALTER TABLE `patient_otps` DISABLE KEYS */;
INSERT INTO `patient_otps` VALUES (1,'73141432342','111111','2026-05-01 10:49:40','2026-05-01 10:34:45','2026-05-01 10:34:40','2026-05-01 10:34:45'),(2,'72222222222','111111','2026-05-01 10:52:39','2026-05-01 10:37:41','2026-05-01 10:37:39','2026-05-01 10:37:41'),(3,'72222222222','111111','2026-05-01 11:04:50','2026-05-01 10:49:53','2026-05-01 10:49:50','2026-05-01 10:49:53'),(4,'71111111111','111111','2026-05-01 09:12:36','2026-05-01 08:57:39','2026-05-01 08:57:36','2026-05-01 08:57:39'),(5,'73333333333','111111','2026-05-01 13:36:46','2026-05-01 13:22:02','2026-05-01 13:21:46','2026-05-01 13:22:02'),(6,'72222222222','111111','2026-05-01 13:42:49','2026-05-01 13:27:53','2026-05-01 13:27:49','2026-05-01 13:27:53'),(7,'375333333333','111111','2026-05-01 14:34:07','2026-05-01 14:19:12','2026-05-01 14:19:07','2026-05-01 14:19:12'),(8,'375973494516','111111','2026-05-01 14:47:54','2026-05-01 14:32:59','2026-05-01 14:32:54','2026-05-01 14:32:59'),(9,'375685653583','111111','2026-05-01 14:53:20','2026-05-01 14:38:24','2026-05-01 14:38:20','2026-05-01 14:38:24'),(10,'375576886486','111111','2026-05-01 15:02:08','2026-05-01 14:47:17','2026-05-01 14:47:08','2026-05-01 14:47:17'),(11,'375788987899','111111','2026-05-01 15:06:12','2026-05-01 14:51:15','2026-05-01 14:51:12','2026-05-01 14:51:15'),(12,'375865862765','111111','2026-05-01 15:06:49','2026-05-01 14:51:54','2026-05-01 14:51:49','2026-05-01 14:51:54'),(13,'375756736863','111111','2026-05-01 15:11:37','2026-05-01 14:56:40','2026-05-01 14:56:37','2026-05-01 14:56:40'),(14,'375333333333','111111','2026-05-01 15:24:11','2026-05-01 15:09:14','2026-05-01 15:09:11','2026-05-01 15:09:14'),(15,'375494375943','111111','2026-05-01 15:24:32','2026-05-01 15:09:36','2026-05-01 15:09:32','2026-05-01 15:09:36'),(16,'375333333333','111111','2026-05-01 15:38:24','2026-05-01 15:23:27','2026-05-01 15:23:24','2026-05-01 15:23:27'),(17,'375333333333','111111','2026-05-01 15:40:29','2026-05-01 15:25:35','2026-05-01 15:25:29','2026-05-01 15:25:35'),(18,'375857466559','111111','2026-05-01 15:41:08','2026-05-01 15:26:11','2026-05-01 15:26:08','2026-05-01 15:26:11'),(19,'375333333333','111111','2026-05-01 15:58:39','2026-05-01 15:43:43','2026-05-01 15:43:39','2026-05-01 15:43:43'),(20,'375333333333','111111','2026-05-01 15:59:58','2026-05-01 15:45:00','2026-05-01 15:44:58','2026-05-01 15:45:00'),(21,'375333333333','111111','2026-05-01 16:00:35','2026-05-01 15:45:40','2026-05-01 15:45:35','2026-05-01 15:45:40'),(22,'375333333333','111111','2026-05-01 16:36:29','2026-05-01 16:21:33','2026-05-01 16:21:29','2026-05-01 16:21:33'),(23,'375333333333','111111','2026-05-01 17:34:12','2026-05-01 17:19:15','2026-05-01 17:19:12','2026-05-01 17:19:15'),(24,'375298764321','111111','2026-05-02 07:30:05','2026-05-02 07:15:15','2026-05-02 07:15:05','2026-05-02 07:15:15'),(25,'375298764321','111111','2026-05-02 08:25:35','2026-05-02 08:10:45','2026-05-02 08:10:35','2026-05-02 08:10:45'),(26,'375465656665','111111','2026-05-02 16:51:40','2026-05-02 16:36:51','2026-05-02 16:36:40','2026-05-02 16:36:51'),(27,'375123456789','111111','2026-05-06 04:39:38','2026-05-06 04:50:33','2026-05-06 04:24:38','2026-05-06 04:50:33'),(28,'375123456789','111111','2026-05-06 05:05:33','2026-05-06 04:50:42','2026-05-06 04:50:33','2026-05-06 04:50:42'),(29,'375123456789','111111','2026-05-06 05:05:42','2026-05-06 04:56:24','2026-05-06 04:50:42','2026-05-06 04:56:24'),(30,'375123456789','111111','2026-05-06 05:11:24','2026-05-06 04:59:49','2026-05-06 04:56:24','2026-05-06 04:59:49'),(31,'375465656665','111111','2026-05-06 05:14:21','2026-05-06 05:07:16','2026-05-06 04:59:21','2026-05-06 05:07:16'),(32,'375123456789','111111','2026-05-06 05:14:49',NULL,'2026-05-06 04:59:49','2026-05-06 04:59:49'),(33,'375465656665','111111','2026-05-06 05:22:16','2026-05-06 05:07:23','2026-05-06 05:07:16','2026-05-06 05:07:23'),(34,'375000000000','111111','2026-05-06 09:22:12','2026-05-06 09:07:19','2026-05-06 09:07:12','2026-05-06 09:07:19'),(35,'375000000001','111111','2026-05-06 09:22:55','2026-05-06 09:08:01','2026-05-06 09:07:55','2026-05-06 09:08:01'),(36,'375000000001','111111','2026-05-06 09:23:58','2026-05-06 09:09:05','2026-05-06 09:08:58','2026-05-06 09:09:05'),(37,'375000000002','111111','2026-05-06 10:29:36','2026-05-06 10:14:43','2026-05-06 10:14:36','2026-05-06 10:14:43'),(38,'375000000002','111111','2026-05-06 10:34:14','2026-05-06 10:19:19','2026-05-06 10:19:14','2026-05-06 10:19:19'),(39,'375465656665','111111','2026-05-07 06:10:23','2026-05-07 05:55:31','2026-05-07 05:55:23','2026-05-07 05:55:31');
/*!40000 ALTER TABLE `patient_otps` ENABLE KEYS */;
UNLOCK TABLES;

--
-- Table structure for table `patients`
--

DROP TABLE IF EXISTS `patients`;
/*!40101 SET @saved_cs_client     = @@character_set_client */;
/*!50503 SET character_set_client = utf8mb4 */;
CREATE TABLE `patients` (
  `id` bigint unsigned NOT NULL AUTO_INCREMENT,
  `phone` varchar(20) CHARACTER SET utf8mb4 COLLATE utf8mb4_unicode_ci NOT NULL,
  `email` varchar(255) CHARACTER SET utf8mb4 COLLATE utf8mb4_unicode_ci DEFAULT NULL,
  `espo_contact_id` varchar(255) CHARACTER SET utf8mb4 COLLATE utf8mb4_unicode_ci DEFAULT NULL,
  `espo_synced_at` timestamp NULL DEFAULT NULL,
  `espo_sync_status` enum('pending','synced','failed') CHARACTER SET utf8mb4 COLLATE utf8mb4_unicode_ci NOT NULL DEFAULT 'pending',
  `espo_sync_error` text CHARACTER SET utf8mb4 COLLATE utf8mb4_unicode_ci,
  `last_name` varchar(255) CHARACTER SET utf8mb4 COLLATE utf8mb4_unicode_ci NOT NULL,
  `first_name` varchar(255) CHARACTER SET utf8mb4 COLLATE utf8mb4_unicode_ci NOT NULL,
  `middle_name` varchar(255) CHARACTER SET utf8mb4 COLLATE utf8mb4_unicode_ci DEFAULT NULL,
  `birth_date` date NOT NULL,
  `gender` varchar(16) CHARACTER SET utf8mb4 COLLATE utf8mb4_unicode_ci NOT NULL,
  `password` varchar(255) CHARACTER SET utf8mb4 COLLATE utf8mb4_unicode_ci NOT NULL,
  `remember_token` varchar(100) CHARACTER SET utf8mb4 COLLATE utf8mb4_unicode_ci DEFAULT NULL,
  `created_at` timestamp NULL DEFAULT NULL,
  `updated_at` timestamp NULL DEFAULT NULL,
  PRIMARY KEY (`id`),
  UNIQUE KEY `patients_phone_unique` (`phone`),
  KEY `patients_espo_contact_id_index` (`espo_contact_id`)
) ENGINE=InnoDB AUTO_INCREMENT=19 DEFAULT CHARSET=utf8mb4 COLLATE=utf8mb4_unicode_ci;
/*!40101 SET character_set_client = @saved_cs_client */;

--
-- Dumping data for table `patients`
--

LOCK TABLES `patients` WRITE;
/*!40000 ALTER TABLE `patients` DISABLE KEYS */;
INSERT INTO `patients` VALUES (1,'73141432342',NULL,NULL,NULL,'pending',NULL,'чсм','мчсм','чмячсм','2005-01-12','male','$2y$12$.r03cwd7yS8Qn5LL88QlZu27CB6Zsv9.aRmcjvMBwvXrplC0N5hRK',NULL,'2026-05-01 10:34:45','2026-05-01 10:34:45'),(2,'72222222222',NULL,NULL,NULL,'pending',NULL,'ва','ваы','ваыыв','2005-12-12','male','$2y$12$tev5MWJesyis6fT50NJkuud1md4QbN4yqdgjiOTLECDG1llIYnXYG',NULL,'2026-05-01 10:37:42','2026-05-01 10:37:42'),(3,'71111111111',NULL,NULL,NULL,'pending',NULL,'авп','авпв','апвап','2005-12-12','male','$2y$12$HB92cuS0VsOj931wIYIwH.mZ2InZG8HhdXlbn/kkmeZmHNvJVfbVu',NULL,'2026-05-01 08:57:39','2026-05-01 08:57:39'),(4,'73333333333',NULL,NULL,NULL,'pending',NULL,'выф','фыв','фыв','2020-12-12','male','$2y$12$FvE5rRFfrdmxoW2up3q22eTeSPa0b8GjCaTvZKAm74I5ft1.R8ob.',NULL,'2026-05-01 13:22:02','2026-05-01 13:22:02'),(5,'375333333333',NULL,NULL,NULL,'pending',NULL,'рн','рр','гг','2001-05-25','male','$2y$12$IwDf9PXTKMJraEpfH4f6X.ySiTTcQsErBBIxSNHA25O0FXhmSQi/O',NULL,'2026-05-01 14:19:13','2026-05-01 14:19:13'),(6,'375973494516',NULL,NULL,NULL,'pending',NULL,'ао','ча',NULL,'2001-05-24','male','$2y$12$eyRjKm0PQhHl4SP5P8x0Ie9kEUeQz4d5MNJW.r4KWcnqR89b/D7W2',NULL,'2026-05-01 14:32:59','2026-05-01 14:32:59'),(7,'375685653583',NULL,NULL,NULL,'pending',NULL,'пп','пе',NULL,'2001-05-24','male','$2y$12$ocLIdSYlBreWdy4kipkWzuCfKpZMa/nF73lcuiBfXMK1jIpKKF/Jm',NULL,'2026-05-01 14:38:24','2026-05-01 14:38:24'),(8,'375576886486',NULL,NULL,NULL,'pending',NULL,'оо','оо',NULL,'2001-05-26','male','$2y$12$tpUUN8SjLKmaWJpIGeU7bOTgpyGgI9D6xRz6rKdGXKEqOd/m4s.I2',NULL,'2026-05-01 14:47:17','2026-05-01 14:47:17'),(9,'375788987899',NULL,NULL,NULL,'pending',NULL,'рр','рн',NULL,'2001-05-25','male','$2y$12$nIbCOW8N5rfeOfPvjywpheeyYIquCCsJQDZzoClu7xP5wZWK3dnhK',NULL,'2026-05-01 14:51:15','2026-05-01 14:51:15'),(10,'375865862765',NULL,NULL,NULL,'pending',NULL,'рр','ннн',NULL,'2001-05-31','male','$2y$12$fD/FrdDq2Pl3VvhQFD.3zeFKoB2.tOuHfaGv4IUW3WD6MfcZ5XF9m',NULL,'2026-05-01 14:51:54','2026-05-01 14:51:54'),(11,'375756736863',NULL,NULL,NULL,'pending',NULL,'оо','рр','ол','2001-05-25','male','$2y$12$ifr3GEkl0TyxwQPky3cPquYyQfCOM5U2MZj/OEttCi2vieLGdq/pG',NULL,'2026-05-01 14:56:40','2026-05-01 14:56:40'),(12,'375494375943',NULL,NULL,NULL,'pending',NULL,'овоа','сосо',NULL,'2001-05-26','male','$2y$12$odYc3QaQoiTVh5S/AavxeeLsraDUI8PQIL1del1T.WxRc2F//Zuxy',NULL,'2026-05-01 15:09:36','2026-05-01 15:09:36'),(13,'375857466559',NULL,NULL,NULL,'pending',NULL,'аа','ее',NULL,'2001-05-17','male','$2y$12$6UalPiEB5wrChtg8vQNoBeVMYpklB33gQDE0F9iDcKVDf0J3C.W2O',NULL,'2026-05-01 15:26:11','2026-05-01 15:26:11'),(14,'375298764321',NULL,NULL,NULL,'pending',NULL,'Иванов','Иван','Иванович','2000-01-01','male','$2y$12$N79l3Tpzl21kcqwwux9tEOXFNvKL0KpgnrlgZ1ymY/kaN3JWqwVtu',NULL,'2026-05-02 07:15:16','2026-05-02 07:15:16'),(15,'375465656665',NULL,NULL,NULL,'pending',NULL,'Иванов','Владислав','Иванович','2000-05-12','male','$2y$12$moVz4t0zDNTlI5SZuC3rNu5aqojc4RcpHJJ2dZcQv4JbMniVu8IY6',NULL,'2026-05-02 16:36:51','2026-05-06 07:58:25'),(16,'375000000000',NULL,NULL,NULL,'pending',NULL,'авпп','вапвап',NULL,'2026-05-05','male','$2y$12$YZOFUVUFVcgkjOLlHHcWxellm.nmupwCelANVEqK56aBtauAhLQ06',NULL,'2026-05-06 09:07:20','2026-05-06 09:07:20'),(17,'375000000001',NULL,NULL,NULL,'pending',NULL,'ыауцуцуку','цукцук','нано','2026-05-05','female','$2y$12$CVAsu0AOSzlhO09yjFdNQOV1TUKEa.48fW33A7RU6VAfwTcdrhlfq',NULL,'2026-05-06 09:08:02','2026-05-06 09:10:21'),(18,'375000000002',NULL,NULL,NULL,'pending',NULL,'ггпнпнгпннгп','нпнгпнгпн',NULL,'2026-05-05','male','$2y$12$4K7dMW4C6AJoSEoJhc/kKeivQStdPoCMnhBkPDo1Q5shfbsygCVkW',NULL,'2026-05-06 10:14:43','2026-05-06 10:14:43');
/*!40000 ALTER TABLE `patients` ENABLE KEYS */;
UNLOCK TABLES;

--
-- Table structure for table `personal_access_tokens`
--

DROP TABLE IF EXISTS `personal_access_tokens`;
/*!40101 SET @saved_cs_client     = @@character_set_client */;
/*!50503 SET character_set_client = utf8mb4 */;
CREATE TABLE `personal_access_tokens` (
  `id` bigint unsigned NOT NULL AUTO_INCREMENT,
  `tokenable_type` varchar(255) CHARACTER SET utf8mb4 COLLATE utf8mb4_unicode_ci NOT NULL,
  `tokenable_id` bigint unsigned NOT NULL,
  `name` varchar(255) CHARACTER SET utf8mb4 COLLATE utf8mb4_unicode_ci NOT NULL,
  `token` varchar(64) CHARACTER SET utf8mb4 COLLATE utf8mb4_unicode_ci NOT NULL,
  `abilities` text CHARACTER SET utf8mb4 COLLATE utf8mb4_unicode_ci,
  `last_used_at` timestamp NULL DEFAULT NULL,
  `expires_at` timestamp NULL DEFAULT NULL,
  `created_at` timestamp NULL DEFAULT NULL,
  `updated_at` timestamp NULL DEFAULT NULL,
  PRIMARY KEY (`id`),
  UNIQUE KEY `personal_access_tokens_token_unique` (`token`),
  KEY `personal_access_tokens_tokenable_type_tokenable_id_index` (`tokenable_type`,`tokenable_id`)
) ENGINE=InnoDB AUTO_INCREMENT=18 DEFAULT CHARSET=utf8mb4 COLLATE=utf8mb4_unicode_ci;
/*!40101 SET character_set_client = @saved_cs_client */;

--
-- Dumping data for table `personal_access_tokens`
--

LOCK TABLES `personal_access_tokens` WRITE;
/*!40000 ALTER TABLE `personal_access_tokens` DISABLE KEYS */;
INSERT INTO `personal_access_tokens` VALUES (1,'App\\Models\\Patient',5,'mobile','f3d5b2b76bf7b7ae0f1abc7a5b4f83f37122b65a3cc2f192997c2e4f4db9196d','[\"*\"]','2026-05-01 14:26:43',NULL,'2026-05-01 14:19:13','2026-05-01 14:26:43'),(3,'App\\Models\\Patient',7,'mobile','2780593a0efb435a9cc415f9d3131352392c48d4f71810f5f0be90f5a7eff67f','[\"*\"]','2026-05-01 14:40:19',NULL,'2026-05-01 14:38:24','2026-05-01 14:40:19'),(6,'App\\Models\\Patient',10,'mobile','c5301cd4e3429dd2886fee9df05991cbcd1eb250db9c3e887443d32830f658e5','[\"*\"]','2026-05-01 14:52:04',NULL,'2026-05-01 14:51:54','2026-05-01 14:52:04'),(7,'App\\Models\\Patient',11,'mobile','a068e3e8df8c6676d9574b54fcc7ae8e32af4577d9bae3fc3bc7084e270f03fc','[\"*\"]','2026-05-01 15:05:17',NULL,'2026-05-01 14:56:41','2026-05-01 15:05:17'),(9,'App\\Models\\Patient',12,'mobile','f9dda7e7de9d5f71c4ad302fae348dcb657f3e3b49c1781bdc5ab91f24260d83','[\"*\"]','2026-05-01 15:10:01',NULL,'2026-05-01 15:09:36','2026-05-01 15:10:01'),(13,'App\\Models\\Patient',5,'mobile','fa6d90fe98827a8a73a8842953b0979c4b0f9bf845181d6a2acd8daa11c19cd5','[\"*\"]','2026-05-01 16:04:08',NULL,'2026-05-01 15:45:40','2026-05-01 16:04:08'),(14,'App\\Models\\Patient',5,'mobile','2d9c0d1e19937ea95cadfb6710c45137c7a62e7fdc47d02160c0f6f3b1d85412','[\"*\"]','2026-05-01 17:16:12',NULL,'2026-05-01 16:21:33','2026-05-01 17:16:12'),(17,'App\\Models\\Patient',18,'mobile','a08b6ef08bab7c00958af0d5cd59b9139288a50f69c7c5d2c334d1f0ebb525e5','[\"*\"]','2026-05-06 10:21:14',NULL,'2026-05-06 10:19:19','2026-05-06 10:21:14');
/*!40000 ALTER TABLE `personal_access_tokens` ENABLE KEYS */;
UNLOCK TABLES;

--
-- Table structure for table `phone_otps`
--

DROP TABLE IF EXISTS `phone_otps`;
/*!40101 SET @saved_cs_client     = @@character_set_client */;
/*!50503 SET character_set_client = utf8mb4 */;
CREATE TABLE `phone_otps` (
  `id` bigint unsigned NOT NULL AUTO_INCREMENT,
  `phone` varchar(32) CHARACTER SET utf8mb4 COLLATE utf8mb4_unicode_ci NOT NULL,
  `code` varchar(12) CHARACTER SET utf8mb4 COLLATE utf8mb4_unicode_ci NOT NULL,
  `purpose` enum('login','register') CHARACTER SET utf8mb4 COLLATE utf8mb4_unicode_ci NOT NULL DEFAULT 'login',
  `attempts` smallint unsigned NOT NULL DEFAULT '0',
  `expires_at` timestamp NOT NULL DEFAULT CURRENT_TIMESTAMP ON UPDATE CURRENT_TIMESTAMP,
  `used_at` timestamp NULL DEFAULT NULL,
  `created_at` timestamp NULL DEFAULT NULL,
  `updated_at` timestamp NULL DEFAULT NULL,
  PRIMARY KEY (`id`),
  KEY `phone_otps_phone_used_at_index` (`phone`,`used_at`),
  KEY `phone_otps_phone_index` (`phone`)
) ENGINE=InnoDB AUTO_INCREMENT=4 DEFAULT CHARSET=utf8mb4 COLLATE=utf8mb4_unicode_ci;
/*!40101 SET character_set_client = @saved_cs_client */;

--
-- Dumping data for table `phone_otps`
--

LOCK TABLES `phone_otps` WRITE;
/*!40000 ALTER TABLE `phone_otps` DISABLE KEYS */;
/*!40000 ALTER TABLE `phone_otps` ENABLE KEYS */;
UNLOCK TABLES;

--
-- Table structure for table `promo_slides`
--

DROP TABLE IF EXISTS `promo_slides`;
/*!40101 SET @saved_cs_client     = @@character_set_client */;
/*!50503 SET character_set_client = utf8mb4 */;
CREATE TABLE `promo_slides` (
  `id` bigint unsigned NOT NULL AUTO_INCREMENT,
  `image` varchar(255) CHARACTER SET utf8mb4 COLLATE utf8mb4_unicode_ci NOT NULL,
  `title` varchar(255) CHARACTER SET utf8mb4 COLLATE utf8mb4_unicode_ci DEFAULT NULL,
  `subtitle` varchar(255) CHARACTER SET utf8mb4 COLLATE utf8mb4_unicode_ci DEFAULT NULL,
  `link_url` varchar(255) CHARACTER SET utf8mb4 COLLATE utf8mb4_unicode_ci DEFAULT NULL,
  `button_text` varchar(255) CHARACTER SET utf8mb4 COLLATE utf8mb4_unicode_ci DEFAULT NULL,
  `sort_order` int NOT NULL DEFAULT '0',
  `is_active` tinyint(1) NOT NULL DEFAULT '1',
  `created_at` timestamp NULL DEFAULT NULL,
  `updated_at` timestamp NULL DEFAULT NULL,
  PRIMARY KEY (`id`)
) ENGINE=InnoDB AUTO_INCREMENT=6 DEFAULT CHARSET=utf8mb4 COLLATE=utf8mb4_unicode_ci;
/*!40101 SET character_set_client = @saved_cs_client */;

--
-- Dumping data for table `promo_slides`
--

LOCK TABLES `promo_slides` WRITE;
/*!40000 ALTER TABLE `promo_slides` DISABLE KEYS */;
INSERT INTO `promo_slides` VALUES (1,'images/promo-slides/01KR15E485KYWXY3HQ36Q6R3VF.png','dsfdsf','gfh','/promotions/dsfdsf','Подробнее',10,1,'2026-04-28 12:23:14','2026-05-07 09:08:40'),(2,'images/promos/proctology.jpg','Первый визит -10%','Скидка 10% новым пациентам на первую консультацию любого специалиста.','/promotions/pervyy-vizit-10','Подробнее',20,1,'2026-04-28 12:23:14','2026-04-28 12:23:14'),(3,'images/promos/ophthalmology.jpg','Чек-ап «Мужское здоровье»','Комплексная программа обследования для мужчин после 40 лет.','/promotions/chek-ap-muzhskoe-zdorove','Подробнее',30,1,'2026-04-28 12:23:14','2026-04-28 12:23:14'),(4,'images/promos/promo-hero.jpg','Лето без аллергии','Специальное предложение на консультацию аллерголога и анализы.','/promotions/leto-bez-allergii','Подробнее',40,1,'2026-04-28 12:23:14','2026-04-28 12:23:14'),(5,'images/promos/service-detail.jpg','УЗИ-суббота -20%','Каждую субботу — скидка 20% на все виды УЗИ-диагностики.','/promotions/uzi-subbota-20','Подробнее',50,1,'2026-04-28 12:23:14','2026-04-28 12:23:14');
/*!40000 ALTER TABLE `promo_slides` ENABLE KEYS */;
UNLOCK TABLES;

--
-- Table structure for table `promotion_categories`
--

DROP TABLE IF EXISTS `promotion_categories`;
/*!40101 SET @saved_cs_client     = @@character_set_client */;
/*!50503 SET character_set_client = utf8mb4 */;
CREATE TABLE `promotion_categories` (
  `id` bigint unsigned NOT NULL AUTO_INCREMENT,
  `name` varchar(255) CHARACTER SET utf8mb4 COLLATE utf8mb4_unicode_ci NOT NULL,
  `slug` varchar(255) CHARACTER SET utf8mb4 COLLATE utf8mb4_unicode_ci NOT NULL,
  `created_at` timestamp NULL DEFAULT NULL,
  `updated_at` timestamp NULL DEFAULT NULL,
  PRIMARY KEY (`id`),
  UNIQUE KEY `promotion_categories_name_unique` (`name`),
  UNIQUE KEY `promotion_categories_slug_unique` (`slug`)
) ENGINE=InnoDB AUTO_INCREMENT=6 DEFAULT CHARSET=utf8mb4 COLLATE=utf8mb4_unicode_ci;
/*!40101 SET character_set_client = @saved_cs_client */;

--
-- Dumping data for table `promotion_categories`
--

LOCK TABLES `promotion_categories` WRITE;
/*!40000 ALTER TABLE `promotion_categories` DISABLE KEYS */;
INSERT INTO `promotion_categories` VALUES (1,'Чек-апы','chek-apy','2026-04-20 05:55:45','2026-04-20 05:55:45'),(2,'Сезонные','sezonnye','2026-04-20 05:55:45','2026-04-20 05:55:45'),(3,'Семейные','semeynye','2026-04-20 05:55:45','2026-04-20 05:55:45'),(4,'Скидки','skidki','2026-04-20 05:55:45','2026-04-20 05:55:45'),(5,'Летние','letnie','2026-04-28 05:55:53','2026-04-28 05:55:53');
/*!40000 ALTER TABLE `promotion_categories` ENABLE KEYS */;
UNLOCK TABLES;

--
-- Table structure for table `promotions`
--

DROP TABLE IF EXISTS `promotions`;
/*!40101 SET @saved_cs_client     = @@character_set_client */;
/*!50503 SET character_set_client = utf8mb4 */;
CREATE TABLE `promotions` (
  `id` bigint unsigned NOT NULL AUTO_INCREMENT,
  `category_id` bigint unsigned DEFAULT NULL,
  `title` varchar(255) CHARACTER SET utf8mb4 COLLATE utf8mb4_unicode_ci NOT NULL,
  `slug` varchar(255) CHARACTER SET utf8mb4 COLLATE utf8mb4_unicode_ci NOT NULL,
  `status` enum('draft','active','completed') CHARACTER SET utf8mb4 COLLATE utf8mb4_unicode_ci NOT NULL DEFAULT 'draft',
  `start_date` date DEFAULT NULL,
  `end_date` date DEFAULT NULL,
  `image` varchar(255) CHARACTER SET utf8mb4 COLLATE utf8mb4_unicode_ci DEFAULT NULL,
  `short_description` text CHARACTER SET utf8mb4 COLLATE utf8mb4_unicode_ci,
  `full_description` longtext CHARACTER SET utf8mb4 COLLATE utf8mb4_unicode_ci,
  `items` json DEFAULT NULL,
  `created_at` timestamp NULL DEFAULT NULL,
  `updated_at` timestamp NULL DEFAULT NULL,
  PRIMARY KEY (`id`),
  UNIQUE KEY `promotions_slug_unique` (`slug`),
  KEY `promotions_category_id_foreign` (`category_id`),
  KEY `promotions_status_index` (`status`),
  KEY `promotions_start_date_end_date_index` (`start_date`,`end_date`),
  CONSTRAINT `promotions_category_id_foreign` FOREIGN KEY (`category_id`) REFERENCES `promotion_categories` (`id`) ON DELETE SET NULL
) ENGINE=InnoDB AUTO_INCREMENT=10 DEFAULT CHARSET=utf8mb4 COLLATE=utf8mb4_unicode_ci;
/*!40101 SET character_set_client = @saved_cs_client */;

--
-- Dumping data for table `promotions`
--

LOCK TABLES `promotions` WRITE;
/*!40000 ALTER TABLE `promotions` DISABLE KEYS */;
INSERT INTO `promotions` VALUES (1,1,'Чек-ап «Здоровое сердце»','chek-ap-zdorovoe-serdce','active','2026-04-10','2026-06-19','images/promos/promo-hero.jpg','Полный комплекс обследования сердечно-сосудистой системы со скидкой 20%.','<p>Полный комплекс обследования сердечно-сосудистой системы со скидкой 20%.</p><p>Акция действует при предварительной записи. Уточняйте детали у администратора клиники.</p>','[\"Консультация кардиолога\", \"ЭКГ\", \"ЭхоКГ\", \"Биохимия крови\", \"Суточное мониторирование АД\"]','2026-04-20 05:55:45','2026-04-20 07:08:49'),(2,1,'Чек-ап «Женское здоровье»','chek-ap-zhenskoe-zdorove','active','2026-04-10','2026-06-19','images/promos/ophthalmology.jpg','Профилактическое обследование для женщин: от 25 до 55 лет.','<p>Профилактическое обследование для женщин: от 25 до 55 лет.</p><p>Акция действует при предварительной записи. Уточняйте детали у администратора клиники.</p>','[\"Консультация гинеколога\", \"УЗИ органов малого таза\", \"УЗИ молочных желёз\", \"Мазок на онкоцитологию\"]','2026-04-20 05:55:45','2026-04-20 07:08:49'),(3,2,'Осенний иммунитет -15%','osenniy-immunitet-15','active','2026-04-10','2026-06-19','images/promos/proctology.jpg','Подготовьте организм к простудам: комплексная диагностика и витамины.','<p>Подготовьте организм к простудам: комплексная диагностика и витамины.</p><p>Акция действует при предварительной записи. Уточняйте детали у администратора клиники.</p>','[\"Консультация терапевта\", \"Общий анализ крови\", \"Витамин D\", \"Иммунограмма\"]','2026-04-20 05:55:45','2026-04-20 07:08:49'),(4,3,'Семейный абонемент','semeynyy-abonement','active','2026-04-10','2026-06-19','images/promos/proctology-banner.jpg','Скидка 10% для каждого члена семьи на первичную консультацию.','<p>Скидка 10% для каждого члена семьи на первичную консультацию.</p><p>Акция действует при предварительной записи. Уточняйте детали у администратора клиники.</p>','[\"Консультация терапевта\", \"Консультация педиатра\", \"Консультация профильного специалиста\"]','2026-04-20 05:55:45','2026-04-20 07:08:49'),(5,4,'УЗИ-суббота -20%','uzi-subbota-20','active','2026-04-10','2026-06-19','images/promos/service-detail.jpg','Каждую субботу — скидка 20% на все виды УЗИ-диагностики.','<p>Каждую субботу — скидка 20% на все виды УЗИ-диагностики.</p><p>Акция действует при предварительной записи. Уточняйте детали у администратора клиники.</p>','[\"УЗИ щитовидной железы\", \"УЗИ брюшной полости\", \"УЗИ органов малого таза\", \"УЗИ молочных желёз\"]','2026-04-20 05:55:45','2026-04-20 07:08:49'),(6,2,'Лето без аллергии','leto-bez-allergii','active','2026-04-10','2026-06-19','images/promos/promo-hero.jpg','Специальное предложение на консультацию аллерголога и анализы.','<p>Специальное предложение на консультацию аллерголога и анализы.</p><p>Акция действует при предварительной записи. Уточняйте детали у администратора клиники.</p>','[\"Консультация аллерголога\", \"Панель аллергенов\", \"Рекомендации по лечению\"]','2026-04-20 05:55:45','2026-04-20 07:08:49'),(7,1,'Чек-ап «Мужское здоровье»','chek-ap-muzhskoe-zdorove','active','2026-04-10','2026-06-19','images/promos/ophthalmology.jpg','Комплексная программа обследования для мужчин после 40 лет.','<p>Комплексная программа обследования для мужчин после 40 лет.</p><p>Акция действует при предварительной записи. Уточняйте детали у администратора клиники.</p>','[\"Консультация уролога\", \"УЗИ простаты\", \"ПСА общий и свободный\", \"Гормоны\"]','2026-04-20 05:55:45','2026-04-20 07:08:49'),(8,4,'Первый визит -10%','pervyy-vizit-10','active','2026-04-10','2026-06-19','images/promos/proctology.jpg','Скидка 10% новым пациентам на первую консультацию любого специалиста.','<p>Скидка 10% новым пациентам на первую консультацию любого специалиста.</p><p>Акция действует при предварительной записи. Уточняйте детали у администратора клиники.<br></p>','[\"Любая первичная консультация\", \"ПУнктоы\"]','2026-04-20 05:55:45','2026-04-20 14:13:28'),(9,2,'dsfdsf','dsfdsf','active',NULL,NULL,NULL,'gfh','<p>fgh</p>','[\"fh\"]','2026-04-20 14:37:28','2026-04-20 14:38:05');
/*!40000 ALTER TABLE `promotions` ENABLE KEYS */;
UNLOCK TABLES;

--
-- Table structure for table `reviews`
--

DROP TABLE IF EXISTS `reviews`;
/*!40101 SET @saved_cs_client     = @@character_set_client */;
/*!50503 SET character_set_client = utf8mb4 */;
CREATE TABLE `reviews` (
  `id` bigint unsigned NOT NULL AUTO_INCREMENT,
  `doctor_id` bigint unsigned NOT NULL,
  `author_name` varchar(255) CHARACTER SET utf8mb4 COLLATE utf8mb4_unicode_ci NOT NULL,
  `rating` tinyint unsigned NOT NULL,
  `text` text CHARACTER SET utf8mb4 COLLATE utf8mb4_unicode_ci NOT NULL,
  `status` enum('pending','approved','rejected') CHARACTER SET utf8mb4 COLLATE utf8mb4_unicode_ci NOT NULL DEFAULT 'pending',
  `published_at` datetime DEFAULT NULL,
  `created_at` timestamp NULL DEFAULT NULL,
  `updated_at` timestamp NULL DEFAULT NULL,
  PRIMARY KEY (`id`),
  KEY `reviews_doctor_id_index` (`doctor_id`),
  KEY `reviews_status_index` (`status`),
  CONSTRAINT `reviews_doctor_id_foreign` FOREIGN KEY (`doctor_id`) REFERENCES `doctors` (`id`) ON DELETE CASCADE
) ENGINE=InnoDB AUTO_INCREMENT=129 DEFAULT CHARSET=utf8mb4 COLLATE=utf8mb4_unicode_ci;
/*!40101 SET character_set_client = @saved_cs_client */;

--
-- Dumping data for table `reviews`
--

LOCK TABLES `reviews` WRITE;
/*!40000 ALTER TABLE `reviews` DISABLE KEYS */;
INSERT INTO `reviews` VALUES (71,16,'Наталья, 70 лет',5,'Была сегодня на УЗИ у врача Алеси Викторовны. Всё быстро, чётко, компетентно. Врач внимательный, опытный и быстро обнаружила полип, который не находили другие врачи. Я очень ей признательна за профессиональную работу и необходимые советы. Спасибо!','approved','2026-03-02 00:00:00','2026-04-20 11:20:32','2026-04-20 11:20:32'),(72,16,'Светлана',5,'Огромная благодарность врачу УЗИ Макеевой Алесе Викторовне за профессиональный подход и чуткость. Исследование провели быстро, качественно и, главное, информативно. Врач сразу указала на проблему и дала ценные рекомендации.','approved','2026-03-02 00:00:00','2026-04-20 11:20:32','2026-04-20 11:20:32'),(73,16,'Иванко Данила',5,'Идеальный врач.','approved','2025-11-24 00:00:00','2026-04-20 11:20:32','2026-04-20 11:20:32'),(126,16,'авфыа',5,'фвыаыва','approved','2026-04-20 17:22:00','2026-04-20 14:22:12','2026-04-20 14:22:41'),(127,16,'аавппв',5,'Была сегодня на УЗИ у врача Алеси Викторовны. Всё быстро, чётко, компетентно. Врач внимательный, опытный и быстро обнаружила полип, который не находили другие врачи. Я очень ей признательна заБыла сегодня на УЗИ у врача Алеси Викторовны. Всё быстро, чётко, компетентно. Врач внимательный, опытный и быстро обнаружила полип, который не находили другие врачи. Я очень ей признательна заБыла сегодня на УЗИ у врача Алеси Викторовны. Всё быстро, чётко, компетентно. Врач внимательный, опытный и быстро обнаружила полип, который не находили другие врачи. Я очень ей признательна заБыла сегодня на УЗИ у врача Алеси Викторовны. Всё быстро, чётко, компетентно. Врач внимательный, опытный и быстро обнаружила полип, который не находили другие врачи. Я очень ей признательна заБыла сегодня на УЗИ у врача Алеси Викторовны. Всё быстро, чётко, компетентно. Врач внимательный, опытный и быстро обнаружила полип, который не находили другие врачи. Я очень ей признательна заБыла сегодня на УЗИ у врача Алеси Викторовны. Всё быстро, чётко, компетентно. Врач внимательный, опытный и быстро обнаружила полип, который не находили другие врачи. Я очень ей признательна заБыла сегодня на УЗИ у врача Алеси Викторовны. Всё быстро, чётко, компетентно. Врач внимательный, опытный и быстро обнаружила полип, который не находили другие врачи. Я очень ей признательна заБыла сегодня на УЗИ у врача Алеси Викторовны. Всё быстро, чётко, компетентно. Врач внимательный, опытный и быстро обнаружила полип, который не находили другие врачи. Я очень ей признательна заБыла сегодня на УЗИ у врача Алеси Викторовны. Всё быстро, чётко, компетентно. Врач внимательный, опытный и быстро обнаружила полип, который не находили другие врачи. Я очень ей признательна заБыла сегодня на УЗИ у врача Алеси Викторовны. Всё быстро, чётко, компетентно. Врач внимательный, опытный и быстро обнаружила полип, который не находили другие врачи. Я очень ей признательна заБыла сегодня на УЗИ у врача Алеси Викторовны. Всё быстро, чётко, компетентно. Вр','approved','2026-04-20 17:30:00','2026-04-20 14:24:59','2026-04-20 14:30:12');
/*!40000 ALTER TABLE `reviews` ENABLE KEYS */;
UNLOCK TABLES;

--
-- Table structure for table `services`
--

DROP TABLE IF EXISTS `services`;
/*!40101 SET @saved_cs_client     = @@character_set_client */;
/*!50503 SET character_set_client = utf8mb4 */;
CREATE TABLE `services` (
  `id` bigint unsigned NOT NULL AUTO_INCREMENT,
  `direction_id` bigint unsigned NOT NULL,
  `name` varchar(255) CHARACTER SET utf8mb4 COLLATE utf8mb4_unicode_ci NOT NULL,
  `slug` varchar(255) CHARACTER SET utf8mb4 COLLATE utf8mb4_unicode_ci NOT NULL,
  `price` decimal(10,2) NOT NULL DEFAULT '0.00',
  `duration_minutes` smallint unsigned NOT NULL DEFAULT '30',
  `description` text CHARACTER SET utf8mb4 COLLATE utf8mb4_unicode_ci,
  `indications` text CHARACTER SET utf8mb4 COLLATE utf8mb4_unicode_ci,
  `preparation` text CHARACTER SET utf8mb4 COLLATE utf8mb4_unicode_ci,
  `status` enum('active','hidden') CHARACTER SET utf8mb4 COLLATE utf8mb4_unicode_ci NOT NULL DEFAULT 'active',
  `sort_order` int NOT NULL DEFAULT '0',
  `created_at` timestamp NULL DEFAULT NULL,
  `updated_at` timestamp NULL DEFAULT NULL,
  PRIMARY KEY (`id`),
  UNIQUE KEY `services_slug_unique` (`slug`),
  KEY `services_direction_id_index` (`direction_id`),
  KEY `services_status_index` (`status`),
  CONSTRAINT `services_direction_id_foreign` FOREIGN KEY (`direction_id`) REFERENCES `directions` (`id`) ON DELETE RESTRICT
) ENGINE=InnoDB AUTO_INCREMENT=217 DEFAULT CHARSET=utf8mb4 COLLATE=utf8mb4_unicode_ci;
/*!40101 SET character_set_client = @saved_cs_client */;

--
-- Dumping data for table `services`
--

LOCK TABLES `services` WRITE;
/*!40000 ALTER TABLE `services` DISABLE KEYS */;
INSERT INTO `services` VALUES (181,11,'Консультация врача-эндокринолога','konsultaciya-vracha-endokrinologa',44.66,30,'Профессиональная консультация для диагностики и лечения патологий эндокринной системы, анализа гормонального фона и назначения индивидуальной схемы терапии.\n\nЧто включает консультация:\n• Сбор жалоб с их детализацией;\n• Сбор анамнестических данных заболевания;\n• Выявление факторов риска заболеваний;\n• Интерпретация результатов клинико-лабораторных и инструментальных исследований;\n• Проведение общего осмотра (оценка сознания, телосложения, осмотр кожных покровов и видимых слизистых оболочек, типологическая оценка нервной деятельности, выполнение антропометрических измерений, измерение температуры тела, артериального давления, частоты пульса, частоты дыхания и другое);\n• Проведение пальпации, перкуссии, аускультации;\n• Установление клинико-функционального диагноза;\n• Определение тактики лечения и индивидуальных рекомендаций по медицинскому наблюдению;\n• Назначение медикаментозного и немедикаментозного лечения;\n• Оформление медицинской документации и консультативного заключения.','Слабость, утомляемость, сонливость; подавленное настроение, раздражительность; учащенное сердцебиение, повышенное потоотделение, дрожание рук или ног; резкое похудение или стремительный набор веса; сухость кожи, выпадение волос; плохая переносимость тепла или холода; жажда, сухость во рту, частое мочеиспускание; зуд кожи, генитальный зуд; повышение артериального давления, которое не поддаётся снижению препаратами; нарушение менструального цикла у женщин; бесплодие у мужчин и женщин; невынашивание беременности; выделения из молочных желез у женщин вне беременности и лактации; увеличение грудных желез у мужчин; избыточный рост волос у женщин; яркие широкие растяжки на коже; переломы костей при незначительных травмах; снижение либидо и другие половые нарушения.','Специальной подготовки не требуется. Рекомендуется взять с собой результаты предыдущих анализов и обследований (при наличии)','active',0,'2026-04-21 10:53:42','2026-04-21 10:53:42'),(182,11,'Консультация детского врача-эндокринолога','konsultaciya-detskogo-vracha-endokrinologa',44.66,30,'Консультация детского эндокринолога проводится по предварительной записи. Специалист занимается диагностикой и лечением заболеваний желез внутренней секреции у детей и подростков, а также оценкой физического и полового развития ребенка.','Слабость, утомляемость, сонливость; подавленное настроение, раздражительность; учащенное сердцебиение, повышенное потоотделение, дрожание рук или ног; резкое похудение или стремительный набор веса; сухость кожи, выпадение волос; плохая переносимость тепла или холода; жажда, сухость во рту, частое мочеиспускание; зуд кожи; повышение артериального давления, которое не поддаётся снижению препаратами; увеличение грудных желез у мальчиков; избыточный рост волос у девочек; переломы костей при незначительных травмах.','Специальной подготовки не требуется. Рекомендуется взять с собой амбулаторную карту ребенка, результаты предыдущих анализов крови (гормоны, сахар), УЗИ щитовидной железы (при наличии).','active',0,'2026-04-21 10:56:16','2026-04-21 10:56:16'),(183,11,'Установка врачом-эндокринологом инсулиновой помпы пациенту с сахарным диабетом','ustanovka-vrachom-endokrinologom-insulinovoy-pompy-pacientu-s-saharnym-diabetom',55.35,30,'Инсулиновая помпа повышает качество жизни пациентов с сахарным диабетом: компактное устройство заменяет ежедневные инъекции инсулина.\n\nКому подойдёт этот способ введения инсулина?\n\n- Детям любого возраста, которые страдают сахарным диабетом (СД).\n- Женщинам, которые планируют беременность на фоне сахарного диабета.\n- Пациентам с СД, которые измеряют уровень глюкозы в крови не меньше 4 раз и считают хлебные единицы.\n- Пациентам с СД, у которых не всегда есть возможность вовремя сделать укол.\n- Пациентам с СД, у которых в течение суток отмечается нестабильный уровень глюкозы в крови.\n- Пациентам с тяжелым течением СД или при невозможности добиться стабильного уровня глюкозы другими методами.\n\nКак работает помпа?\nВ инсулиновой помпе используется инсулин короткого или ультракороткого действия. Различают два вида подачи:\n\nБазальный: инсулин вводится в нужной дозе на протяжении суток с заданным интервалом.\n\nБолюсный: вводится перед едой или сразу после.\n\nВажные условия использования:\nПеред принятием душа/ванны, походом в бассейн или на время занятий спортом помпу необходимо снимать','Детям любого возраста, которые страдают сахарным диабетом (СД). Женщинам, которые планируют беременность на фоне сахарного диабета. Пациентам с СД, которые измеряют уровень глюкозы в крови не меньше 4 раз и считают хлебные единицы. Пациентам с СД, у которых не всегда есть возможность вовремя сделать укол (например, на работе). Пациентам с СД, у которых в течение суток отмечается нестабильный уровень глюкозы в крови: с эпизодами гипергликемии и гипогликемии. Пациентам, у которых тяжело протекает СД. Пациентам с СД, у которых не удаётся добиться стабильного уровня глюкозы в крови другими методами.','Перед установкой инсулиновой помпы необходимо пройти консультацию эндокринолога для исключения противопоказаний. Рекомендуется иметь при себе дневник самоконтроля уровня глюкозы за последние 1-2 недели.','active',0,'2026-04-21 10:57:38','2026-04-21 10:59:33'),(184,11,'Пункционная биопсия щитовидной железы','punkcionnaya-biopsiya-schitovidnoy-zhelezy',67.42,30,'Для изучения состояния щитовидной железы используют разные методы, но только биопсия поможет отличить злокачественное новообразование от доброкачественного.\n\nПроцедура выполняется под контролем УЗИ. Занимает она от 10 до 25 минут. Пациент лежит на спине. Кожу шеи обрабатывают антисептиком. Тонкой иглой пунктируют узел. Полученный материал отправляют на цитологию, чтобы определить характер клеток. При необходимости забор клеток может осуществляться из разных мест одного узла или из разных узлов.\n\nРезультат биопсии помогает определиться с дальнейшей тактикой ведения пациента. Эта процедура практически безболезненная. Пациент испытывает лишь незначительный дискомфорт.','Размер узла 1 см и более. Размер узла меньше 1 см, но есть сомнения в том, что он доброкачественный. Наследственная предрасположенность к раку щитовидной железы.','Специальной подготовки не требуется. Рекомендуется иметь при себе результаты предыдущих УЗИ щитовидной железы и заключение эндокринолога о направлении на биопсию.','active',0,'2026-04-21 11:01:27','2026-04-21 11:01:27'),(185,11,'Онлайн консультация врача-детского эндокринолога первой категории','onlayn-konsultaciya-vracha-detskogo-endokrinologa-pervoy-kategorii',44.00,30,'Онлайн консультация врача-детского эндокринолога первой категории — это удобный способ получить квалифицированную медицинскую помощь, не выходя из дома. Формат онлайн-приема позволяет обсудить результаты анализов, скорректировать лечение или получить первичные рекомендации по поводу роста, развития и гормонального фона ребенка.\n\nВ рамках онлайн консультации врач выполняет:\n• Сбор жалоб с их детализацией;\n• Сбор анамнестических данных заболевания;\n• Выявление факторов риска заболеваний;\n• Интерпретацию результатов клинико-лабораторных и инструментальных исследований;\n• Установление клинико-функционального диагноза;\n• Определение тактики лечения и индивидуальных рекомендаций по медицинскому наблюдению;\n• Назначение медикаментозного и немедикаментозного лечения;\n• Оформление медицинской документации;\n• Оформление консультативного заключения.\n\nОбратите внимание: онлайн формат имеет ограничения. Врач не может провести физикальный осмотр, пальпацию, аускультацию и измерение антропометрических данных. При необходимости очного визита специалист сообщит об этом во время консультации.','Необходимость повторного приема для оценки динамики лечения. Расшифровка и интерпретация уже готовых результатов анализов крови (гормоны, глюкоза), УЗИ щитовидной железы, рентгенографии кистей рук. Коррекция дозировок ранее назначенных препаратов (инсулин, гормональная терапия). Консультация по вопросам питания, режима дня и физической активности ребенка. Жалобы на слабость, утомляемость, изменения веса, которые не требуют экстренного очного вмешательства. Невозможность посетить клинику лично (проживание в другом городе, карантин).','Для качественной консультации необходимо заранее подготовить и отправить врачу (или иметь перед глазами во время видеозвонка) следующую информацию:\n• Актуальные результаты лабораторных исследований (гормоны ТТГ, Т4 свободный, глюкоза, инсулин и др.).\n• Результаты инструментальных исследований (УЗИ щитовидной железы, органов малого таза и др.).\n• Дневник самоконтроля уровня сахара крови (для пациентов с сахарным диабетом).\n• Данные о росте и весе ребенка за последние полгода-год.\n• Список принимаемых в настоящее время лекарственных препаратов с указанием дозировок.\n• Четкий перечень жалоб и вопросов к врачу.','active',0,'2026-04-21 11:02:40','2026-04-21 11:02:40'),(186,5,'Консультация врача-акушера-гинеколога','konsultaciya-vracha-akushera-ginekologa',44.15,30,'Консультация гинеколога — это прием специалиста, направленный на диагностику, лечение и профилактику заболеваний женской репродуктивной системы. Посещение врача рекомендовано с профилактической целью ежегодно, даже при отсутствии жалоб.\n\nКак проходит консультация:\n• Сбор жалоб с их детализацией;\n• Сбор анамнестических данных заболевания;\n• Выявление факторов риска заболеваний;\n• Интерпретация результатов клинико-лабораторных и инструментальных исследований;\n• Проведение общего осмотра (оценка сознания, телосложения, осмотр кожных покровов и видимых слизистых оболочек, типологическая оценка нервной деятельности, выполнение антропометрических измерений, измерение температуры тела, артериального давления, частоты пульса, частоты дыхания и другое);\n• Проведение пальпации, перкуссии, аускультации;\n• Установление клинико-функционального диагноза;\n• Определение тактики лечения и индивидуальных рекомендаций по медицинскому наблюдению;\n• Назначение медикаментозного и немедикаментозного лечения;\n• Оформление медицинской документации;\n• Оформление консультативного заключения.\n\nКроме диагностики и лечения, к гинекологу можно обратиться для обсуждения вопросов контрацепции и планирования беременности.','С профилактической целью — ежегодно. При появлении следующих жалоб:\n• Сыпь и покраснение слизистой наружных половых органов;\n• Зуд и жжение;\n• Боли внизу живота;\n• Необычные выделения и/или неприятный запах из половых путей;\n• Нарушение менструального цикла;\n• Кровянистые выделения в период между менструациями;\n• Болезненный половой акт;\n• Бесплодие;\n• Планирование беременности;\n• Подбор контрацепции.','• Надеть чистое бельё;\n• Накануне вечером принять душ;\n• В течение 2-3 дней перед консультацией отказаться от половых контактов;\n• Перед тем, как зайти в кабинет гинеколога, посетить туалет и опорожнить мочевой пузырь;\n• Подобрать удобную одежду, которую легко снимать и надевать.','active',0,'2026-04-21 11:04:36','2026-04-21 11:04:36'),(187,5,'Общий мазок на флору','obschiy-mazok-na-floru',15.00,30,'Общий мазок на флору — это лабораторное исследование, которое используют для первичной диагностики гинекологической патологии. Анализ позволяет оценить состояние микрофлоры влагалища, выявить наличие воспалительного процесса, грибковой или бактериальной инфекции. Специалисты рекомендуют проходить данное исследование не реже одного раза в год.\n\nПроцедура забора материала занимает несколько минут и выполняется во время гинекологического осмотра. Полученный биоматериал направляется в лабораторию для микроскопического исследования. Результаты анализа помогают врачу поставить точный диагноз и назначить эффективное лечение.\n\nЗаписаться на мазок на флору рекомендуется также в следующих ситуациях:\n• Перед операцией на органах малого таза;\n• Перед проведением инвазивных диагностических процедур;\n• При планировании беременности;\n• После прохождения курса антибиотиков;\n• При смене полового партнёра;\n• Для оценки результатов проведенного лечения.','• Жжение, зуд, сухость во влагалище;\n• Боли внизу живота и/или поясничной области;\n• Болезненный половой акт;\n• Изменение характера выделений;\n• Кровомазание в период между менструациями;\n• Частые позывы и боль при мочеиспускании;\n• Плохой анализ мочи;\n• Планирование беременности;\n• Подготовка к операциям на органах малого таза;\n• Смена полового партнёра;\n• Контроль эффективности лечения;\n• Профилактическое обследование (1 раз в год).','• В течение 2-3 дней перед исследованием не заниматься сексом;\n• В течение 2-3 дней перед исследованием не спринцеваться;\n• Не использовать лекарственные средства, которые вводятся во влагалище (свечи, кремы, таблетки);\n• За сутки до анализа не принимать ванну (можно принять душ);\n• В день приёма выполнить туалет наружных половых органов водой без использования мыла и гелей для интимной гигиены;\n• За 2-3 часа до взятия мазка воздержаться от мочеиспускания.','active',0,'2026-04-21 11:06:02','2026-04-21 11:06:02'),(188,5,'Цитология','citologiya',23.00,30,'Мазок на цитологию (онкоцитологию) — это современный и высокоточный метод лабораторной диагностики, направленный на выявление новообразований, предраковых состояний и воспалительных заболеваний шейки матки. Исследование позволяет оценить структуру клеток, их размер, форму и степень зрелости, что дает возможность обнаружить патологические изменения на самых ранних стадиях.\n\nРак шейки матки часто протекает бессимптомно на начальных этапах, поэтому регулярное обследование у гинеколога является жизненно важным. Специалисты рекомендуют проходить цитологическое исследование ежегодно.\n\nМазок на цитологию используют для:\n• Выявления воспалительных, инфекционных и онкологических заболеваний;\n• Оценки результатов проведенного лечения;\n• Скринингового обследования здоровых женщин;\n• Своевременного выявления возможных рецидивов онкозаболеваний.\n\nПроцедура забора материала проводится во время гинекологического осмотра, занимает несколько минут и не вызывает выраженных болевых ощущений. Полученный биоматериал направляется в лабораторию для микроскопического исследования.','• Инфекции, которые передаются половым путём;\n• Герпес на гениталиях;\n• Необычные выделения из половых путей;\n• Осложнённые роды, аборты, операции в анамнезе;\n• Эрозия шейки матки;\n• Ремиссия онкологических заболеваний (контроль);\n• Планирование беременности;\n• Патология тканей, обнаруженная гинекологом при осмотре или на кольпоскопии;\n• Ежегодное профилактическое обследование;\n• Нарушения менструального цикла неясной этиологии;\n• Длительный приём гормональных контрацептивов.','• За 2-3 дня до исследования исключить половые контакты;\n• За 2-3 дня до исследования не проводить спринцевания;\n• За 2-3 дня до исследования не использовать вагинальные лекарственные средства (свечи, кремы, таблетки);\n• За сутки до анализа не принимать ванну (можно принять душ);\n• В день процедуры выполнить туалет наружных половых органов водой без использования мыла и гелей для интимной гигиены;\n• Исследование не проводится во время менструации (оптимальный срок — через 2-3 дня после её окончания);\n• За 2 часа до взятия мазка воздержаться от мочеиспускания.','active',0,'2026-04-21 11:06:52','2026-04-21 11:06:52'),(189,21,'Лазерное удаление кондилом и других доброкачественных новообразований гениталий, лазер Mediola','lazernoe-udalenie-kondilom-i-drugih-dobrokachestvennyh-novoobrazovaniy-genitaliy-lazer-mediola',68.90,30,'Лазерное удаление кондилом и других доброкачественных новообразований гениталий с использованием аппарата Mediola — это современный, высокоэффективный и безопасный метод лечения. Кондилома представляет собой разрастание на коже или слизистой оболочке, по внешнему виду напоминающее цветную капусту. Причиной её образования является вирус папилломы человека (ВПЧ).\n\nКондиломы и другие доброкачественные образования не только являются косметическим дефектом, но и причиняют психологический дискомфорт, мешают полноценной интимной жизни. Новообразования легко травмируются при ношении белья, гигиенических процедурах или половом контакте, что может приводить к кровоточивости, воспалению, присоединению вторичной инфекции. Кроме того, некоторые типы ВПЧ обладают онкогенным потенциалом и могут способствовать развитию злокачественных процессов.\n\nЛазер Mediola обеспечивает удаление новообразований методом вапоризации (послойного выпаривания тканей). Процедура проходит под местной анестезией и занимает от 15 до 40 минут в зависимости от количества и размера элементов.\n\nПреимущества лазерного удаления аппаратом Mediola:\n• Бескровность — лазерный луч моментально запаивает сосуды;\n• Безболезненность — процедура проводится под местным обезболиванием;\n• Безопасность — воздействие происходит строго на патологическую ткань, здоровые участки не повреждаются;\n• Стерильность — высокая температура луча исключает риск инфицирования раны;\n• Отсутствие рубцов и ожогов — заживление происходит быстро, без формирования грубой рубцовой ткани;\n• Короткий период восстановления.\n\nУдаление выполняется в трех вариантах объема в зависимости от количества новообразований:\n• до 5 штук;\n• от 5 до 20 штук;\n• более 20 штук (множественные).','• Наличие остроконечных кондилом на коже и слизистых оболочках гениталий;\n• Наличие папиллом, кератом, невусов (родинок) в интимной зоне;\n• Дискомфорт, зуд, жжение в области новообразований;\n• Кровоточивость или воспаление кондилом при травматизации;\n• Психологический дискомфорт, связанный с наличием косметического дефекта;\n• Планирование беременности при наличии ВПЧ и кондилом;\n• Риск малигнизации (озлокачествления) новообразований;\n• Желание пациента удалить доброкачественные образования с эстетической целью.','• Обязательная предварительная консультация гинеколога (для женщин) или уролога (для мужчин) для определения объема вмешательства и исключения противопоказаний;\n• За 2 недели до процедуры исключить пребывание на активном солнце, отказ от солярия;\n• За 7 дней до удаления исключить использование агрессивных косметических средств в зоне воздействия;\n• За 2-3 дня до процедуры исключить половые контакты;\n• В день процедуры выполнить гигиенический туалет наружных половых органов без использования мыла и гелей;\n• На процедуру надеть чистое, удобное бельё из натуральных тканей;\n• При наличии обильного волосяного покрова в зоне воздействия рекомендуется провести деликатную депиляцию за 2-3 дня до процедуры (бритьё в день процедуры не допускается);\n• Сообщить врачу о принимаемых лекарственных препаратах, особенно о средствах, влияющих на свертываемость крови (антикоагулянты, аспирин).','active',0,'2026-04-21 11:09:01','2026-04-21 11:09:01'),(190,21,'Лазерное удаление (вапоризация) кондилом и других доброкачественных новообразований гениталий, СО2-лазер','lazernoe-udalenie-vaporizaciya-kondilom-i-drugih-dobrokachestvennyh-novoobrazovaniy-genitaliy-so2-lazer',131.79,30,'Лазерное удаление (вапоризация) кондилом и других доброкачественных новообразований гениталий с использованием СО2-лазера — это высокоточный и эффективный метод избавления от нежелательных образований на коже и слизистых оболочках интимной зоны. Кондиломы и папилломы представляют собой доброкачественные разрастания, вызванные вирусом папилломы человека (ВПЧ), и часто локализуются на половых губах, во влагалище, на шейке матки, в перианальной области.\n\nВ клинике применяются две современные лазерные системы: СО2-лазер и Mediola. Выбор конкретного вида аппарата осуществляет лечащий врач индивидуально, исходя из типа кожи пациентки, локализации, размера и количества новообразований. Обе системы обеспечивают высочайшую точность и безопасность вмешательства.\n\nПринцип действия СО2-лазера основан на послойном выпаривании (вапоризации) патологических тканей под воздействием высокоэнергетического лазерного луча. Ключевым преимуществом метода является избирательность воздействия: удаляется только само новообразование, здоровые окружающие ткани не затрагиваются и не повреждаются. Это выгодно отличает лазерную вапоризацию от хирургического иссечения скальпелем, электрокоагуляции или криодеструкции, при которых травматизация здоровых участков неизбежна.\n\nПроцедура проводится под местной анестезией и занимает от 15 до 40 минут в зависимости от площади обработки. После удаления на месте воздействия формируется тонкая корочка, которая самостоятельно отпадает через 7-10 дней. Заживление происходит быстро, без формирования грубых рубцов и с минимальным дискомфортом для пациентки.\n\nУдаление СО2-лазером выполняется в трех вариантах в зависимости от площади обрабатываемой поверхности:\n• Область обработки до 1 см²;\n• Область обработки от 1 до 2 см²;\n• Область обработки более 2 см².','• Наличие папиллом на коже и слизистых оболочках гениталий;\n• Наличие остроконечных кондилом (единичных или множественных);\n• Наличие других доброкачественных новообразований в интимной зоне (кератомы, невусы);\n• Дискомфорт, зуд, жжение в области расположения новообразований;\n• Кровоточивость или воспаление при травматизации кондилом;\n• Психологический дискомфорт, эстетические жалобы;\n• Планирование беременности при наличии ВПЧ-инфекции с клиническими проявлениями;\n• Риск малигнизации (озлокачествления) новообразований;\n• Желание пациентки удалить образования с косметической целью.','• Обязательная предварительная консультация гинеколога для определения объема вмешательства, выбора типа лазера и исключения противопоказаний;\n• Проведение кольпоскопии и цитологического исследования (по назначению врача);\n• За 2 недели до процедуры исключить пребывание на активном солнце и посещение солярия;\n• За 7 дней до удаления исключить использование агрессивных косметических средств в зоне воздействия;\n• За 2-3 дня до процедуры исключить половые контакты;\n• В день процедуры выполнить гигиенический туалет наружных половых органов водой без использования мыла и гелей;\n• На процедуру надеть чистое, удобное бельё из натуральных тканей;\n• При наличии обильного волосяного покрова в зоне воздействия рекомендуется провести деликатную депиляцию за 2-3 дня до процедуры (бритьё в день процедуры не допускается);\n• Сообщить врачу о принимаемых лекарственных препаратах, особенно о средствах, влияющих на свертываемость крови (антикоагулянты, аспирин);\n• Процедура не проводится во время менструации (оптимальный срок — через 3-5 дней после её окончания).','active',0,'2026-04-21 11:10:17','2026-04-21 11:10:17'),(191,21,'Интимное лазерное омоложение','intimnoe-lazernoe-omolozhenie',278.09,30,'Интимное лазерное омоложение — это современная аппаратная процедура, направленная на восстановление эстетики и нормализацию функции интимной зоны с использованием лазера Candela CO2RE Intima. Красота, здоровье и молодость интимной зоны напрямую влияют на чувство собственного достоинства, уверенность в себе, любовь и уважение к собственному телу.\n\nСпециалисты медицинского центра «Маяк Здоровья» проводят процедуру на инновационном лазерном аппарате Candela CO2RE Intima, который обеспечивает фракционное воздействие на слизистую оболочку и кожу интимной зоны. Лазерный луч создает микроскопические зоны термического воздействия, запуская естественные процессы регенерации и обновления тканей. В результате активизируется выработка собственного коллагена, эластина и гиалуроновой кислоты.\n\nЧто даёт эта процедура:\n• Восстановление тонуса и упругости тканей влагалища и вульвы;\n• Уменьшение или полное исчезновение сухости слизистых оболочек;\n• Улучшение местного кровообращения и обменных процессов;\n• Усиление или возвращение сексуальной чувствительности;\n• Осветление участков гиперпигментации в интимной зоне;\n• Уменьшение проявлений недержания мочи при кашле, чихании, физической нагрузке;\n• Устранение дискомфорта и болезненности при половом акте.\n\nПроцедура проходит быстро, безопасно и безболезненно. Положительные изменения ощущаются уже после первого сеанса. Для достижения стойкого и выраженного результата рекомендуется курс из 3 процедур с интервалом 45-60 дней между сеансами.','• Снижение тонуса мышц половых органов после естественных родов;\n• Опущение влагалища первой или второй степени;\n• Снижение сексуальной чувствительности;\n• Воспалительные заболевания, сопровождающиеся зудом, жжением, сухостью и раздражением;\n• Возрастные изменения: дряблость и атрофия тканей, гиперпигментация вульвы и перианальной области;\n• Недержание мочи (особенно стрессовое — при кашле, чихании, прыжках, физической нагрузке);\n• Болезненность при половом акте (диспареуния);\n• Желание улучшить эстетический вид интимной зоны;\n• Подготовка к пластическим операциям в интимной зоне и реабилитация после них.','• Обязательная предварительная консультация гинеколога для оценки состояния тканей, определения показаний и исключения противопоказаний;\n• Проведение кольпоскопии и цитологического исследования (ПАП-тест) не позднее чем за 6 месяцев до процедуры;\n• За 2 недели до процедуры исключить пребывание на активном солнце и посещение солярия;\n• За 7 дней до процедуры исключить использование агрессивных косметических средств в зоне воздействия;\n• За 2-3 дня до процедуры исключить половые контакты;\n• В день процедуры выполнить гигиенический туалет наружных половых органов водой без использования мыла и гелей;\n• На процедуру надеть чистое, удобное бельё из натуральных тканей;\n• Процедура не проводится во время менструации (оптимальный срок — через 3-5 дней после её окончания);\n• Сообщить врачу о наличии герпетической инфекции в анамнезе (может потребоваться профилактический приём противовирусных препаратов).','active',0,'2026-04-21 11:11:25','2026-04-21 11:11:25'),(192,9,'Полный проктологический осмотр','polnyy-proktologicheskiy-osmotr',91.67,30,'Консультация проктолога с полным обследованием в клинике экспертной медицины «Маяк Здоровья» в Минске проводится по предварительной записи. Чтобы преодолеть стеснение перед приёмом, пациент может выбрать врача-проктолога своего пола — женщину или мужчину. Специалисты клиники консультируют беременных женщин, женщин после родов, мужчин и женщин всех возрастов, подбирая лечение, которое эффективно решает проблемы пациентов.\n\nСимптомы, характерные для проктологических заболеваний, во многом схожи с проявлениями злокачественных новообразований прямой и толстой кишки. Поэтому своевременный визит к проктологу помогает обнаружить заболевание на ранней стадии и своевременно направить пациента в специализированное учреждение.\n\nКак проводится консультация проктолога:\n\n1. Беседа с пациентом. Врач уточняет жалобы с помощью специальных вопросов, собирает историю заболевания, выясняет наличие сопутствующей патологии.\n\n2. Проктологический осмотр. Это обязательный этап консультации, который включает в себя осмотр перианальной области, анального канала и прямой кишки. Данное исследование позволяет установить или предположить наличие более 80% возможных проктологических заболеваний. Проводить проктологический осмотр может только врач-проктолог.\n\nОсмотр проводится на высокой кушетке в положении пациента лёжа на боку или в коленно-локтевой позе. Врач выполняет все манипуляции аккуратно и малотравматично.\n\nВ ходе проктологического осмотра проктолог выполняет:\n• Пальцевое исследование анального канала и нижних отделов прямой кишки;\n• Аноскопию;\n• Ректороманоскопию.\n\nЭти исследования позволяют оценить состояние анального канала, мышц тазового дна, прямой кишки и её слизистой оболочки, выявить наличие воспалительных изменений, повреждений целостности кожи и слизистой, патологических образований, изменений вен геморроидальных сплетений.\n\nПроктологический осмотр может доставлять пациенту небольшой дискомфорт, болевые ощущения возникают редко (при наличии трещины или острого воспалительного процесса). При необходимости врач использует специальные мази с анестетиком. Важно понимать, что одной беседы без осмотра недостаточно для постановки точного диагноза, но этот этап визита к проктологу не так страшен, как его часто представляют.\n\n3. Заключение. После осмотра врач формулирует диагноз, объясняет пациенту возможные причины заболевания, обсуждает варианты лечения, а также меры профилактики обострений.','• Боль, зуд, жжение и дискомфорт во время или после дефекации;\n• Кровь или слизистые выделения в стуле, на туалетной бумаге или на белье;\n• Боли в прямой кишке или чувство инородного тела в области ануса во время сидения, стояния, ходьбы;\n• Краснота, припухлость, зуд в области заднего прохода;\n• Непонятные образования в анальной области;\n• Хронические запоры или диарея;\n• Ощущение неполного опорожнения кишечника;\n• Профилактический осмотр (особенно при отягощенном семейном анамнезе по раку толстой кишки);\n• Беременность и послеродовой период (при наличии жалоб);\n• Контроль эффективности ранее назначенного лечения.','Для качественного проведения проктологического осмотра необходима предварительная подготовка кишечника:\n\n• За 2-3 дня до консультации исключить из рациона продукты, вызывающие повышенное газообразование (бобовые, капуста, чёрный хлеб, газированные напитки, свежие овощи и фрукты, молоко);\n• Накануне приёма — лёгкий ужин не позднее 19:00;\n• Утром в день приёма — лёгкий завтрак (чай, каша на воде) не позднее чем за 2-3 часа до визита;\n• За 1-2 часа до приёма опорожнить кишечник естественным путём;\n• При необходимости (при склонности к запорам) можно использовать очистительную микроклизму (Микролакс) утром в день приёма;\n• Выполнить гигиенический туалет перианальной области;\n• Взять с собой на приём имеющиеся результаты предыдущих обследований (колоноскопия, ирригоскопия, УЗИ, анализы).','active',0,'2026-04-21 11:13:51','2026-04-21 11:13:51'),(193,9,'Лазерное лечение хронической анальной трещины','lazernoe-lechenie-hronicheskoy-analnoy-treschiny',806.95,30,'Лазерное лечение хронической анальной трещины — это современный малоинвазивный метод, который давно зарекомендовал себя как эффективный и щадящий способ избавления от данной патологии. Процедура выполняется с минимальным вмешательством и коротким периодом восстановления.\n\nСуть процедуры:\nПод местной анестезией лазерный луч воздействует на поверхность анальной трещины. При этом затрагиваются исключительно патологически измененные ткани, воздействие на здоровую слизистую оболочку полностью исключено. Лазерная энергия способствует коагуляции (запаиванию) нервных окончаний и сосудов в области трещины, что устраняет болевой синдром, снимает спазм сфинктера и создает оптимальные условия для быстрого заживления. Продолжительность процедуры составляет около 20 минут, что позволяет провести её в амбулаторных условиях с краткосрочным пребыванием в медицинском центре.\n\nПреимущества лазерного лечения:\n• Минимальное воздействие на ткани, что обеспечивает быстрое заживление;\n• Возможность проведения процедуры в амбулаторном режиме (продолжительность около 20 минут);\n• Минимальный риск послеоперационных осложнений;\n• Полное отсутствие контакта инструмента с телом пациента, что исключает риск занесения инфекции;\n• Процедура выполняется без наложения швов, что избавляет от необходимости в последующих перевязках;\n• Отсутствие выраженного болевого синдрома в послеоперационном периоде;\n• Сохранение нормальной функции анального сфинктера;\n• Быстрое возвращение к привычному образу жизни.\n\nРекомендации после проведённой процедуры:\nОсобых строгих ограничений нет. В первые дни после процедуры рекомендуется:\n• Воздержаться от тяжелых физических нагрузок;\n• Воздержаться от половых контактов (срок уточнит лечащий врач);\n• Соблюдать тщательную гигиену перианальной области;\n• Исключить употребление острой, пряной пищи и алкоголя;\n• Соблюдать диету, направленную на профилактику запоров (употребление достаточного количества клетчатки и жидкости);\n• Использовать назначенные врачом местные средства (мази, кремы) для ускорения заживления.','• Хроническая анальная трещина, не поддающаяся консервативному лечению (длительность заболевания более 1-2 месяцев);\n• Острая анальная трещина при неэффективности медикаментозной терапии;\n• Рецидивирующая анальная трещина;\n• Анальная трещина, сопровождающаяся выраженным болевым синдромом и спазмом сфинктера;\n• Анальная трещина, осложненная кровотечением;\n• Наличие противопоказаний к традиционному хирургическому иссечению трещины;\n• Желание пациента провести малоинвазивное лечение с коротким периодом реабилитации.','• Обязательная предварительная консультация проктолога для подтверждения диагноза, определения показаний и исключения противопоказаний;\n• За 2-3 дня до процедуры исключить из рациона продукты, вызывающие повышенное газообразование и запоры (бобовые, капуста, чёрный хлеб, острая и жирная пища, алкоголь);\n• Накануне процедуры — лёгкий ужин не позднее 19:00;\n• Утром в день процедуры — лёгкий завтрак не позднее чем за 2-3 часа до вмешательства;\n• За 1-2 часа до процедуры опорожнить кишечник естественным путём или с помощью очистительной микроклизмы (Микролакс);\n• Выполнить гигиенический туалет перианальной области;\n• На процедуру надеть чистое, удобное бельё из натуральных тканей;\n• Сообщить врачу о принимаемых лекарственных препаратах, особенно о средствах, влияющих на свертываемость крови (антикоагулянты, аспирин).','active',0,'2026-04-21 11:14:53','2026-04-21 11:14:53'),(194,10,'Консультация врача-хирурга','konsultaciya-vracha-hirurga',42.66,30,'Хирурги медицинского центра «Маяк Здоровья» осуществляют консультативную помощь и проводят оперативное лечение широкого спектра заболеваний. Прием ведут опытные специалисты, которые простыми и доступными словами расскажут о любой хирургической патологии, тщательно соберут анамнез, бережно проведут осмотр и назначат необходимые обследования. На основании полученных данных врач поставит верный диагноз и составит индивидуальный план лечения. При наличии показаний хирурги центра выполнят оперативное вмешательство в условиях современной операционной с использованием малоинвазивных и органосохраняющих технологий.\n\nПациенты обращаются за помощью к хирургам по различным вопросам:\n• Боли в животе различного характера;\n• Боли в суставах;\n• Грыжи: паховые, пупочные, бедренные, белой линии живота, послеоперационные и другие;\n• Вросший ноготь;\n• Воспаление лимфоузлов;\n• Геморрой, анальная трещина;\n• Гангрена;\n• Гнойные заболевания кожи: панариций, абсцесс, флегмона, фурункул, карбункул, гидраденит;\n• Кожные и подкожные образования: кератомы, липомы, атеромы, папилломы, фибромы, невусы (родинки), бородавки, гигромы;\n• Перевязка и снятие швов после операций;\n• Трофические язвы;\n• Диабетическая стопа;\n• Варикозное расширение вен нижних конечностей;\n• Желчнокаменная болезнь и её осложнения;\n• И многие другие хирургические проблемы.\n\nСпециалисты центра применяют комплексный подход к лечению, уделяя внимание не только устранению самой патологии, но и профилактике рецидивов, а также скорейшей реабилитации пациента.','Консультация хирурга показана при наличии следующих жалоб и состояний:\n• Боли в животе любого характера (острые, ноющие, схваткообразные);\n• Боли в суставах, ограничение подвижности, отек и покраснение в области сустава;\n• Наличие грыжевого выпячивания в паховой, пупочной, бедренной области или по белой линии живота;\n• Вросший ноготь, сопровождающийся болью, покраснением, отеком, гнойным отделяемым;\n• Увеличение, болезненность, покраснение лимфатических узлов;\n• Симптомы геморроя: боль, зуд, жжение, кровотечение, выпадение узлов;\n• Анальная трещина: боль и кровотечение при дефекации;\n• Гнойные заболевания кожи и подкожной клетчатки: панариций, абсцесс, флегмона, фурункул, карбункул, гидраденит;\n• Наличие любых кожных или подкожных образований: родинки, папилломы, бородавки, липомы, атеромы, фибромы, гигромы, кератомы;\n• Необходимость перевязки или снятия швов после хирургических вмешательств;\n• Трофические язвы, длительно незаживающие раны;\n• Признаки гангрены: потемнение кожи, потеря чувствительности, неприятный запах;\n• Травмы: ушибы, растяжения, раны, ожоги, отморожения.','Специальной подготовки для первичной консультации хирурга не требуется. Рекомендуется:\n• Принять душ, надеть чистое бельё и удобную одежду, обеспечивающую легкий доступ к зоне осмотра;\n• Взять с собой имеющиеся результаты предыдущих обследований, относящихся к проблеме (УЗИ, рентген, МРТ, КТ, анализы крови, выписки из стационаров);\n• Составить список принимаемых лекарственных препаратов с указанием дозировок;\n• Сформулировать четкий перечень жалоб и вопросов к врачу;\n• Если планируется осмотр брюшной полости или паховой области — желательно опорожнить кишечник и мочевой пузырь перед приёмом.','active',0,'2026-04-21 11:16:16','2026-04-21 11:16:16'),(195,10,'Хирургическое удаление доброкачественного образования мягких тканей (липома, атерома)','hirurgicheskoe-udalenie-dobrokachestvennogo-obrazovaniya-myagkih-tkaney-lipoma-ateroma',90.49,30,'Хирургическое удаление доброкачественных образований мягких тканей (липом и атером) в медицинском центре «Маяк Здоровья» — это радикальный и надежный метод избавления от косметических дефектов и профилактики возможных осложнений.\n\nЛипома — это доброкачественное образование из жировой ткани. Растет она медленно, обычно её размер составляет около 2-3 см, однако в редких случаях может достигать 10 см и более. Липома представляет собой косметический дефект, а при значительных размерах способна сдавливать окружающие ткани, сосуды и нервные окончания, вызывая дискомфорт и болевые ощущения. Липома не склонна к озлокачествлению, но требует удаления при росте, появлении симптомов сдавления или по эстетическим соображениям.\n\nАтерома — это киста сальной железы, которая образуется при закупорке её выводного протока. Она состоит из плотной капсулы и творожистого содержимого (кожное сало, клетки эпидермиса). Атерома часто появляется на волосистой части головы, лице, шее, спине, в подмышечных впадинах и паховой области. Образование склонно к воспалению и нагноению, что сопровождается болью, покраснением, отеком и повышением температуры тела. Даже при отсутствии воспаления атерома постепенно увеличивается в размерах и становится заметным косметическим недостатком. Важно понимать, что самостоятельно атерома не рассасывается, а консервативное лечение неэффективно.\n\nКак проходит хирургическое удаление:\nПроцедура проводится под местной анестезией в амбулаторных условиях. После обработки операционного поля антисептическим раствором врач выполняет разрез кожи над областью образования. Размер разреза зависит от величины липомы или атеромы и может составлять от нескольких миллиметров до нескольких сантиметров. Затем хирург остро и тупо выделяет образование вместе с капсулой (это критически важно для предотвращения рецидива), после чего рана промывается антисептиком и послойно ушивается. На кожу накладываются косметические швы, которые снимаются через 7-10 дней. Удаленное образование по желанию пациента может быть направлено на гистологическое исследование для подтверждения доброкачественной природы.\n\nДля постановки точного диагноза и определения оптимальной тактики оперативного лечения приглашаем на консультацию к хирургам медицинского центра «Маяк Здоровья». Красота и здоровье вашего тела в надёжных руках наших специалистов!','• Наличие липомы любого размера и локализации;\n• Рост липомы в динамике;\n• Сдавление окружающих тканей, сосудов или нервов липомой, сопровождающееся болью, онемением, нарушением функции;\n• Косметический дефект, причиняющий психологический дискомфорт;\n• Наличие атеромы (любого размера);\n• Воспаление или нагноение атеромы (требует срочного вмешательства);\n• Рецидивирующее воспаление атеромы в анамнезе;\n• Желание пациента удалить образование с профилактической или эстетической целью;\n• Подозрение на злокачественный характер образования (быстрый рост, изменение цвета, изъязвление).','• Обязательная предварительная консультация хирурга для осмотра образования, подтверждения диагноза и определения объема вмешательства;\n• За 7-10 дней до операции исключить прием препаратов, влияющих на свертываемость крови (аспирин, антикоагулянты, нестероидные противовоспалительные средства) — только по согласованию с лечащим врачом;\n• За 2-3 дня до процедуры исключить употребление алкоголя;\n• Накануне операции принять душ, вымыть голову (если образование расположено на волосистой части);\n• В день операции не наносить на кожу в зоне вмешательства косметические средства (кремы, лосьоны, дезодоранты);\n• Надеть чистое, удобное бельё и одежду, обеспечивающую легкий доступ к зоне операции;\n• Сообщить врачу о наличии аллергических реакций, особенно на местные анестетики (лидокаин, новокаин);\n• Приём пищи в день операции не противопоказан, если не планируется внутривенная седация.\n\n','active',0,'2026-04-21 11:17:29','2026-04-21 11:17:29'),(196,16,'УЗИ сердца - оценка деформации миокарда (стрейн-эхокардиография)','uzi-serdca-ocenka-deformacii-miokarda-streyn-ehokardiografiya',109.55,30,'УЗИ сердца с оценкой деформации миокарда (стрейн-ЭХОКГ) — это расширенное ультразвуковое исследование сердца, которое позволяет выявить даже минимальные отклонения в работе сердечной мышцы уже на начальном этапе развития патологии. В отличие от стандартной эхокардиографии, данная методика дает возможность объективно оценить сократительную способность миокарда на уровне отдельных волокон.\n\nДля проведения ЭХО-кардиографии со Speckle tracking (спекл-трекинг) используется новейший ультразвуковой аппарат с дополнительным программным обеспечением, которое анализирует изменения рассеяния ультразвукового сигнала в тканях сердца. Технология отслеживает движение естественных акустических меток (спеклов) миокарда на протяжении сердечного цикла, что позволяет количественно оценить степень деформации (стрейн) сердечной мышцы.\n\nПреимущества исследования:\n• Раннее выявление сердечно-сосудистых заболеваний на доклинической стадии;\n• Спекл-трекинг определяет продольную деформацию левого желудочка, которая происходит раньше, чем поперечная. На стандартном УЗИ сердца оценить это изменение невозможно;\n• Позволяет оценить сократимость отдельных участков (сегментов) миокарда;\n• Дает возможность отличить физиологические адаптационные изменения в сердце от патологических (например, «спортивное сердце» от гипертрофической кардиомиопатии);\n• Позволяет спрогнозировать переносимость физических нагрузок при сердечной недостаточности и после перенесенного инфаркта миокарда;\n• Помогает оценить кардиотоксичность химиотерапевтических препаратов на самых ранних этапах;\n• Высокая воспроизводимость результатов и объективность оценки.\n\nКак проводится исследование:\nПроцедура проводится аналогично стандартному УЗИ сердца. Пациент располагается лёжа на левом боку или на спине. К грудной клетке прикрепляются электроды ЭКГ для синхронизации с сердечным циклом. Врач выполняет запись изображений сердца из стандартных доступов, после чего полученные данные автоматически обрабатываются специальной программой, которая рассчитывает показатели деформации миокарда. Диагностика длится 30-40 минут.\n\nОграничения метода:\nПрименение спекл-трекинга ограничено у пациентов с нарушениями ритма сердца: тахикардией (частота сердечных сокращений более 100 ударов в минуту), мерцательной аритмией, частой экстрасистолией, фибрилляцией предсердий или желудочков. В этих случаях точность оценки деформации миокарда может быть снижена из-за нерегулярности сердечных сокращений.','• Онкологические пациенты, проходящие или проходившие химиотерапию (особенно препаратами антрациклинового ряда, трастузумабом) — для раннего выявления кардиотоксичности и деформации миокарда. Результаты позволяют врачу-онкологу своевременно принять решение о необходимости коррекции схемы лечения;\n• Пациенты с пороками сердца (врожденными и приобретенными);\n• Ишемическая болезнь сердца;\n• Артериальная гипертензия;\n• Миокардиты и кардиомиопатии различного генеза;\n• Хроническая обструктивная болезнь лёгких (ХОБЛ) и бронхиальная астма;\n• Сахарный диабет;\n• Ревматоидный артрит и другие системные заболевания соединительной ткани;\n• Перенесенный COVID-19 (для оценки постковидного поражения миокарда);\n• Эндокринные заболевания (гипотиреоз, гипертиреоз, акромегалия, феохромоцитома);\n• Спортсмены с регулярной интенсивной нагрузкой на сердечно-сосудистую систему — для дифференциальной диагностики «спортивного сердца», подбора оптимального режима тренировок и прогнозирования функционального резерва;\n• Пациенты после инфаркта миокарда — для оценки жизнеспособности миокарда и прогноза;\n• Сердечная недостаточность — для оценки сократительной функции и прогнозирования течения заболевания.','• Специальной подготовки не требуется;\n• За 2-3 часа до исследования исключить интенсивные физические нагрузки;\n• За 1 час до процедуры воздержаться от курения и употребления кофеинсодержащих напитков (крепкий чай, кофе, энергетики);\n• Принять плановые лекарственные препараты, если иное не рекомендовано врачом;\n• Надеть удобную одежду, обеспечивающую легкий доступ к грудной клетке;\n• Взять с собой результаты предыдущих УЗИ сердца, ЭКГ, холтеровского мониторирования (при наличии).','active',0,'2026-04-21 11:19:23','2026-04-21 11:19:23'),(197,16,'УЗИ сердца - Эхокардиография','uzi-serdca-ehokardiografiya',68.59,30,'Эхокардиография (УЗИ сердца) с допплерографией — это современный, высокоинформативный и абсолютно безопасный метод ультразвуковой диагностики, позволяющий выявить врожденные и приобретенные патологии сердца, оценить его структуру и функциональное состояние. Процедура является безвредной, безболезненной и не занимает много времени, что делает её доступной для пациентов любого возраста, включая пожилых людей, маленьких детей и беременных женщин.\n\nВ медицинском центре «Маяк Здоровья» для исследования сердечно-сосудистой системы используется новейшее профессиональное оборудование экспертного класса, оснащенное опциями цветового допплеровского картирования и тканевой допплерографии. Это позволяет провести комплексную диагностику с высокой степенью точности.\n\nЧто позволяет оценить эхокардиография с допплерографией:\n• Врожденные и приобретенные пороки сердца;\n• Нарушения функции клапанного аппарата (стеноз, недостаточность, пролапс);\n• Наличие внутрисердечных тромбов и аневризм;\n• Состояние стенок и камер сердца (толщина миокарда, размеры предсердий и желудочков);\n• Скорости и направление кровотока в полостях сердца и крупных сосудах;\n• Состояние насосной (сократительной) функции сердца (фракция выброса);\n• Наличие опухолей сердца;\n• Признаки перенесенного инфаркта миокарда;\n• Состояние перикарда (наличие выпота, утолщения).\n\nИсходя из показаний приборов, врач дает точную оценку структурным и функциональным параметрам сердца, после чего оформляет заключение и предоставляет его пациенту. Полученные результаты сравниваются с общепринятыми нормами, выявленные отклонения подробно описываются в заключении. С результатами исследования пациент направляется к профильному специалисту — терапевту, кардиологу или неврологу — для составления плана дальнейшего лечения, если оно требуется.\n\nСвоевременное обследование позволяет выявить и предотвратить развитие серьезных сердечно-сосудистых заболеваний. Главное — вовремя обратиться в медицинское учреждение и сделать УЗИ сердца.','Эхокардиография рекомендуется при наличии следующих симптомов и состояний:\n• Нарушения сердечного ритма (ощущение перебоев в работе сердца, учащенное или замедленное сердцебиение);\n• Слабость, головокружение и повышенная утомляемость;\n• Боль, дискомфорт или ощущение тяжести в области сердца;\n• Одышка при физической нагрузке или в покое;\n• Синюшный оттенок кожи носогубного треугольника (цианоз);\n• Выраженные отеки нижних конечностей;\n• Повышение артериального давления;\n• Шумы в сердце, выявленные при аускультации;\n• Подозрение на порок сердца;\n• Перенесенный инфаркт миокарда;\n• Подготовка к полостным операциям или другим сложным медицинским вмешательствам;\n• Профессиональная деятельность, связанная со стрессами или тяжелыми физическими нагрузками (спортсмены, военнослужащие, спасатели);\n• Профилактическое обследование (рекомендуется проходить регулярно, особенно после 40 лет);\n• Контроль эффективности лечения сердечно-сосудистых заболеваний;\n• Наличие хронических заболеваний: сахарный диабет, гипертоническая болезнь, заболевания щитовидной железы, системные заболевания соединительной ткани.','• Специальной подготовки для проведения эхокардиографии не требуется;\n• Накануне исследования врач может рекомендовать воздержаться от приема седативных (успокаивающих) средств, так как они могут влиять на сердечный ритм;\n• За 2-3 часа до процедуры исключить интенсивные физические нагрузки;\n• За 1 час до исследования воздержаться от курения и употребления кофеинсодержащих напитков (крепкий чай, кофе, энергетики);\n• Принять плановые лекарственные препараты, если иное не рекомендовано врачом;\n• Надеть удобную одежду, обеспечивающую легкий доступ к грудной клетке;\n• Взять с собой результаты предыдущих УЗИ сердца, ЭКГ, холтеровского мониторирования (при наличии).','active',0,'2026-04-21 11:20:06','2026-04-21 11:20:06'),(198,18,'Электрокардиограмма','elektrokardiogramma',17.07,30,'Электрокардиограмма (ЭКГ) — это простой, универсальный и широко доступный метод инструментальной диагностики, позволяющий зарегистрировать электрическую активность сердца в момент проведения исследования. ЭКГ является базовым, но при этом чрезвычайно информативным способом оценки работы сердечно-сосудистой системы, который применяется как для первичной диагностики, так и для динамического наблюдения за состоянием пациента.\n\nВ основе метода лежит регистрация электрических потенциалов, возникающих в сердечной мышце во время её сокращения и расслабления. Эти сигналы улавливаются электродами, размещенными на коже пациента, усиливаются и преобразуются в графическую кривую — электрокардиограмму. Анализируя форму, амплитуду и продолжительность зубцов и интервалов, врач может оценить функцию автоматизма, проводимости, возбудимости и сократимости миокарда.\n\nЧто можно обнаружить с помощью ЭКГ:\n• Нарушения ритма сердца: тахикардию (учащенное сердцебиение), брадикардию (замедленное сердцебиение), экстрасистолию (внеочередные сокращения), мерцательную аритмию (фибрилляцию предсердий), трепетание предсердий;\n• Нарушения проводимости (блокады различной локализации и степени);\n• Ишемическую болезнь сердца, в том числе признаки острой или перенесенной ишемии миокарда;\n• Признаки инфаркта миокарда (острого, подострого, рубцовых изменений);\n• Гипертрофию (утолщение стенок) различных отделов сердца;\n• Признаки перегрузки камер сердца;\n• Электролитные нарушения (изменения уровня калия, кальция в крови);\n• Признаки воспалительных заболеваний сердца (миокардит, перикардит);\n• Оценку эффективности проводимого лечения (антиаритмического, антиангинального);\n• Контроль работы установленного электрокардиостимулятора.\n\nПроцедура является абсолютно безболезненной, неинвазивной, не имеет противопоказаний и может выполняться пациентам любого возраста, включая новорожденных и беременных женщин.\n\nКак проводится ЭКГ в медицинском центре «Маяк Здоровья»:\nЭлектрокардиограмма проводится по предварительной записи. Пациент располагается лёжа на спине на кушетке. На кожу в области грудной клетки, запястий и лодыжек накладываются электроды (одноразовые или многоразовые). Для улучшения контакта и проводимости сигнала на кожу наносится специальный гель. Запись ЭКГ занимает несколько минут, во время которых пациенту необходимо лежать спокойно, расслабившись и не двигаясь. Сразу после окончания процедуры врач проводит расшифровку и выдает заключение с графической лентой ЭКГ на руки пациенту.','Электрокардиограмма рекомендуется в следующих случаях:\n• Боли, дискомфорт, чувство тяжести или жжения в области сердца;\n• Ощущение перебоев в работе сердца, «замирания», «кувыркания»;\n• Учащенное или замедленное сердцебиение;\n• Одышка, нехватка воздуха;\n• Головокружение, предобморочные состояния, обмороки;\n• Повышение артериального давления;\n• Повышенная утомляемость, слабость;\n• Профилактическое обследование (в рамках диспансеризации, перед оперативными вмешательствами);\n• Возраст старше 40 лет (рекомендуется ежегодно);\n• Наличие хронических заболеваний: гипертоническая болезнь, сахарный диабет, заболевания щитовидной железы, ожирение;\n• Профессиональные вредности, высокий уровень стресса, интенсивные физические нагрузки;\n• Контроль эффективности лечения сердечно-сосудистых заболеваний;\n• Перенесенные инфекционные заболевания, способные давать осложнения на сердце (ангина, грипп, COVID-19).','• Специальной подготовки не требуется;\n• За 2-3 часа до исследования исключить интенсивные физические нагрузки;\n• За 1-2 часа до процедуры воздержаться от курения и употребления кофеинсодержащих напитков (крепкий чай, кофе, энергетики);\n• Принять плановые лекарственные препараты, если иное не рекомендовано врачом;\n• Надеть удобную одежду, обеспечивающую легкий доступ к грудной клетке, запястьям и лодыжкам (женщинам рекомендуется избегать колготок и чулок);\n• Непосредственно перед процедурой желательно отдохнуть в течение 5-10 минут;\n• Мужчинам с выраженным волосяным покровом на груди рекомендуется провести бритье грудной клетки для лучшего контакта электродов (может быть выполнено непосредственно перед процедурой медицинским персоналом);\n• Взять с собой результаты предыдущих ЭКГ (при наличии) для оценки динамики.','active',0,'2026-04-21 11:21:22','2026-04-21 11:21:22'),(199,18,'Холтеровское мониторирование ЭКГ','holterovskoe-monitorirovanie-ekg',58.58,30,'Холтеровское мониторирование ЭКГ (суточное мониторирование ЭКГ по Холтеру) — это метод длительной непрерывной регистрации электрокардиограммы пациента в течение 24 часов (суток) в условиях его обычной повседневной жизни. В отличие от стандартной ЭКГ, которая фиксирует работу сердца лишь в конкретный момент, холтеровское мониторирование позволяет оценить сердечную деятельность на протяжении длительного времени, зафиксировать эпизодические нарушения, которые могут не проявляться во время кратковременной записи.\n\nДля чего делают суточное мониторирование ЭКГ по Холтеру:\n\n1. Оценка ритма сердца. То, что пациент субъективно ощущает как сердцебиение, «замирание» или «перебои» в работе сердца, в реальности может оказаться проявлением различных нарушений ритма:\n• Экстрасистолия (внеочередные сокращения сердца);\n• Атриовентрикулярная блокада (нарушение проведения электрического импульса);\n• Пароксизмальная тахикардия (эпизоды учащенного пульса);\n• Брадикардия (эпизоды замедления пульса);\n• Фибрилляция предсердий (мерцательная аритмия);\n• Жизнеугрожающие аритмии.\n\nУ ряда пациентов аритмия может протекать абсолютно бессимптомно, и холтеровское мониторирование является единственным способом обнаружить данную патологию.\n\n2. Оценка эпизодов ишемии миокарда. Холтер помогает зафиксировать эпизоды недостаточного поступления кислорода к сердечной мышце и назначить правильное лечение пациентам с безболевой (немой) ишемией миокарда. Вовремя не диагностированная ишемия миокарда может привести к развитию инфаркта миокарда и представляет опасность для жизни пациента.\n\n3. Оценка работы сердца в привычных условиях жизни и при нагрузке. Суточная запись ЭКГ фиксирует, как реагирует сердце во время работы, отдыха, физических тренировок, сна, эмоциональных переживаний и стрессовых ситуаций.\n\n4. Оценка эффективности проводимого лечения. Метод позволяет объективно оценить действие антиаритмических, антиангинальных и гипотензивных препаратов.\n\n5. Контроль работы установленного электрокардиостимулятора.\n\nПреимущества холтеровского мониторирования ЭКГ:\n• Длительная оценка ритма сердца и его кровоснабжения в условиях обычной жизнедеятельности;\n• Объективный способ оценить ритм сердца благодаря непрерывной записи;\n• Возможность выявить связь между симптомами и изменениями на ЭКГ;\n• Оценка влияния физических и психоэмоциональных нагрузок на работу сердца;\n• Выявление безболевой ишемии миокарда при отсутствии болевых ощущений;\n• Оценка циркадных (суточных) изменений сердечного ритма.\n\nКак проводится холтеровское мониторирование ЭКГ:\nХолтер представляет собой компактный портативный регистратор электрокардиограммы, который соединяется с одноразовыми электродами, закрепленными на грудной клетке пациента. Прибор практически незаметен под одеждой и фиксируется на теле с помощью специального пояса или ремня. Установка и снятие аппарата производятся примерно в одно и то же время, чтобы общая продолжительность записи составила 23-24 часа.\n\nНакануне установки холтера мужчинам рекомендуется сбрить волосяной покров с грудной клетки для лучшей фиксации электродов.\n\nВ течение суток пациенту необходимо вести дневник, в котором отмечаются:\n• Время приема лекарственных препаратов;\n• Время приема пищи;\n• Периоды физической активности (ходьба, подъем по лестнице, спорт);\n• Периоды отдыха и сна;\n• Стрессовые ситуации, эмоциональные переживания;\n• Возникновение симптомов (боль в груди, сердцебиение, головокружение, одышка).\n\nСмена видов деятельности позволяет максимально полно оценить работу сердца в различных условиях. В зависимости от самочувствия пациента, врач может рекомендовать выполнение определенных нагрузок (подъем по лестнице, ходьба в быстром темпе), время выполнения которых обязательно фиксируется в дневнике.\n\nПосле снятия регистратора врач скачивает запись в специальную компьютерную программу, проводит анализ полученной информации, сопоставляет данные ЭКГ с записями в дневнике пациента и формирует заключение.','Холтеровское мониторирование ЭКГ назначается врачом (терапевтом, кардиологом, эндокринологом, неврологом) при следующих состояниях:\n• Жалобы на перебои в работе сердца, ощущение «замирания» или «кувыркания»;\n• Приступы учащенного сердцебиения;\n• Эпизоды потери сознания, предобморочные состояния, головокружения неясного генеза;\n• Одышка, не связанная с заболеваниями дыхательной системы;\n• Боли в области сердца неясного происхождения;\n• Подозрение на безболевую ишемию миокарда;\n• Диагностика и контроль эффективности лечения нарушений ритма сердца;\n• Оценка работы установленного электрокардиостимулятора;\n• Комплексное обследование пациентов с артериальной гипертензией, сахарным диабетом, заболеваниями щитовидной железы;\n• Обследование пациентов после перенесенного инфаркта миокарда;\n• Оценка сердечного ритма у пациентов с синдромом обструктивного апноэ сна;\n• Профилактическое обследование лиц с высоким риском сердечно-сосудистых заболеваний.','• Специальной подготовки не требуется;\n• Накануне установки холтера мужчинам рекомендуется сбрить волосяной покров с грудной клетки для обеспечения надежного контакта электродов с кожей;\n• В день установки принять душ, так как во время ношения прибора мочить его и принимать водные процедуры нельзя;\n• Надеть удобную одежду, под которой можно комфортно разместить регистратор (желательно хлопчатобумажную, не синтетическую, во избежание накопления статического электричества);\n• Женщинам рекомендуется надеть бюстгальтер для дополнительной фиксации электродов и проводов;\n• Принять плановые лекарственные препараты, если иное не рекомендовано врачом (сделать отметку в дневнике);\n• Взять с собой ручку и дневник (выдается в медицинском центре) для фиксации событий в течение суток.','active',0,'2026-04-21 11:22:42','2026-04-21 11:22:42'),(200,1,'Консультация врача-терапевта','konsultaciya-vracha-terapevta',44.66,30,'Терапия — это первый уровень медицинской помощи, область медицины, с которой начинается обследование и лечение у большинства пациентов. Врач-терапевт является специалистом широкого профиля, который обладает знаниями о проявлениях различных заболеваний внутренних органов и систем: дыхательной, сердечно-сосудистой, пищеварительной, мочевыделительной, иммунной, нервной системы, опорно-двигательного аппарата. Именно поэтому обратиться на консультацию к терапевту можно практически с любой проблемой.\n\nВ клинике экспертной медицины «Маяк Здоровья» пациентов консультируют и лечат терапевты с многолетним опытом работы с различными заболеваниями. Специалисты клиники обеспечивают высокий уровень медицинской помощи, проводят диагностику и лечение в строгом соответствии с актуальными клиническими протоколами, применяя персонализированный подход к каждому пациенту.\n\nОсновные задачи врача-терапевта:\n• Сбор жалоб и детализация симптомов;\n• Сбор анамнеза заболевания и жизни пациента;\n• Проведение общего осмотра (оценка состояния кожных покровов, видимых слизистых, измерение артериального давления, частоты пульса, частоты дыхания, аускультация легких и сердца, пальпация живота);\n• Назначение необходимого объема лабораторных и инструментальных исследований;\n• Интерпретация результатов обследования;\n• Постановка предварительного или окончательного диагноза;\n• Назначение медикаментозного и немедикаментозного лечения;\n• При необходимости — направление к узким специалистам (кардиологу, гастроэнтерологу, пульмонологу, эндокринологу, неврологу и др.);\n• Оформление медицинской документации, выдача листков нетрудоспособности, справок, рецептов;\n• Динамическое наблюдение за пациентами с хроническими заболеваниями;\n• Профилактическое консультирование, направленное на предотвращение развития заболеваний.\n\nОтдельное и важное направление современной терапии — наблюдение и лечение пациентов, перенесших COVID-19. Постковидные остаточные явления и осложнения (слабость, одышка, снижение толерантности к физическим нагрузкам, когнитивные нарушения, изменения со стороны сердечно-сосудистой системы) требуют особого внимания и своевременной коррекции. Врачи-терапевты клиники «Маяк Здоровья» имеют необходимый опыт ведения таких пациентов и помогут восстановить здоровье после перенесенной инфекции.\n\nТерапия в «Маяке Здоровья» — это сочетание профессионализма, внимательного отношения и современных методов диагностики и лечения.','Консультация врача-терапевта рекомендуется при появлении следующих симптомов и состояний:\n• Общее недомогание, слабость, быстрая утомляемость;\n• Повышение температуры тела (длительное или периодическое);\n• Головная боль, головокружение;\n• Кашель (острый или хронический), одышка, боль в грудной клетке;\n• Насморк, боль в горле, заложенность носа;\n• Боль в животе, изжога, отрыжка, тошнота, рвота, нарушение стула;\n• Повышение или понижение артериального давления;\n• Отеки различной локализации;\n• Боли в суставах и мышцах;\n• Изменение массы тела (необъяснимое похудение или набор веса);\n• Профилактический осмотр (диспансеризация);\n• Оформление санаторно-курортной карты, справок;\n• Получение направления к узким специалистам;\n• Состояние после перенесенной коронавирусной инфекции (COVID-19);\n• Наличие хронических заболеваний, требующих регулярного наблюдения (гипертоническая болезнь, сахарный диабет, хронический бронхит и др.).','Специальной подготовки для консультации врача-терапевта не требуется. Для более эффективного приема рекомендуется:\n• Сформулировать четкий перечень жалоб и вопросов к врачу;\n• Подготовить список принимаемых лекарственных препаратов с указанием дозировок и кратности приема;\n• Взять с собой имеющиеся результаты предыдущих обследований (анализы крови и мочи, ЭКГ, УЗИ, рентген, флюорография, выписки из стационаров, заключения других специалистов);\n• Надеть удобную одежду, обеспечивающую легкий доступ для осмотра (измерение давления, аускультация легких и сердца);\n• При планируемом осмотре живота желательно не принимать пищу за 1-2 часа до приема.','active',0,'2026-04-21 11:24:09','2026-04-21 11:24:09'),(201,23,'Консультация врача-хирурга (флеболога)','konsultaciya-vracha-hirurga-flebologa',42.66,30,'Консультация флеболога — это прием специалиста, который занимается диагностикой, лечением и профилактикой заболеваний венозной системы. Флеболог помогает пациентам справиться с патологиями вен нижних конечностей, а также другими нарушениями венозного кровообращения.\n\nСамая частая причина обращений к этому специалисту — варикозная болезнь вен нижних конечностей. Больше других ей подвержены представители профессий, связанных с длительным статическим пребыванием в положении стоя или сидя: учителя, хирурги, парикмахеры, продавцы, офисные работники, водители. Также факторами риска являются наследственная предрасположенность, беременность, избыточная масса тела, малоподвижный образ жизни.\n\nБолезни вен опасны своими осложнениями: тромбофлебит, тромбоз глубоких вен, трофические язвы, кровотечения из варикозно расширенных вен, тромбоэмболия легочной артерии. Поэтому не следует откладывать визит к врачу при появлении первых симптомов и заниматься самолечением.\n\nКак проходит консультация флеболога:\n• Врач тщательно собирает анамнез заболевания и жизни пациента, уточняет жалобы, выясняет наличие факторов риска;\n• Проводит визуальный осмотр нижних конечностей в положении стоя и лежа;\n• Выполняет пальпацию вен и окружающих тканей;\n• Проводит функциональные пробы для оценки состояния венозных клапанов;\n• При необходимости назначает дополнительное инструментальное обследование (УЗИ вен нижних конечностей с допплерографией — дуплексное сканирование);\n• На основании полученных данных устанавливает диагноз, определяет стадию заболевания;\n• Обсуждает с пациентом возможные варианты лечения (консервативное, компрессионное, склеротерапия, лазерная коагуляция, хирургическое);\n• Дает рекомендации по образу жизни, питанию, физической активности, подбирает компрессионный трикотаж;\n• Составляет индивидуальный план лечения и наблюдения.\n\nВ клинике экспертной медицины «Маяк Здоровья» специалисты позаботятся о красоте и здоровье ваших ног, применяя современные методы диагностики и лечения венозной патологии.','Консультация флеболога рекомендуется при наличии следующих симптомов и состояний:\n• Тяжесть, распирание или боль в ногах, усиливающиеся к вечеру или после длительного пребывания в положении стоя или сидя;\n• Расширенные и извитые поверхностные вены, появление сосудистых «звездочек» (телеангиэктазий), уплотнений и венозных узлов;\n• Отеки нижних конечностей (особенно к вечеру, проходящие после ночного отдыха);\n• Ночные судороги в икроножных мышцах;\n• Гиперпигментация (потемнение) кожи в области голеней и лодыжек, покраснение, уплотнение кожи;\n• Зуд, жжение в области нижних конечностей;\n• Появление трофических язв или предъязвенного состояния кожи;\n• Сильная усталость и дискомфорт в ногах после длительного нахождения в вертикальном положении;\n• Наследственная предрасположенность к варикозной болезни;\n• Планирование беременности при наличии факторов риска варикозной болезни;\n• Профессиональная деятельность, связанная с длительными статическими нагрузками на ноги;\n• Профилактический осмотр для раннего выявления венозной патологии;\n• Подбор компрессионного трикотажа (профилактического или лечебного).','Специальной подготовки для консультации флеболога не требуется. Для максимально информативного осмотра рекомендуется:\n• Надеть удобную одежду и обувь, обеспечивающую легкий доступ для осмотра нижних конечностей до уровня паховых складок (юбка, шорты, свободные брюки);\n• Не наносить на кожу ног косметические средства (кремы, лосьоны, масла) в день приема;\n• Взять с собой результаты предыдущих обследований (УЗИ вен нижних конечностей, анализы крови) и заключения других специалистов (при наличии);\n• Составить список принимаемых лекарственных препаратов (особенно гормональных контрацептивов, антикоагулянтов);\n• Сообщить врачу о наличии аллергических реакций, хронических заболеваний, перенесенных операциях, беременностях и родах.','active',0,'2026-04-21 11:25:29','2026-04-21 11:25:29'),(202,23,'Пенная склеротерапия','pennaya-skleroterapiya',94.53,30,'Пенная склеротерапия (Foam-form склеротерапия) — это современный малоинвазивный метод лечения варикозной болезни нижних конечностей, основанный на введении в пораженную вену специального склерозирующего препарата, преобразованного в пенную форму. Данный метод является эффективной альтернативой традиционному хирургическому вмешательству и подходит для лечения варикозно расширенных вен различного диаметра, включая магистральные стволы и крупные притоки. Для определения возможности применения данного метода лечения именно в вашем случае необходима предварительная консультация врача-флеболога.\n\nКак проводится процедура:\nДля получения пены жидкий склерозант непосредственно перед введением смешивается с воздухом или специальным газом в определенной пропорции с помощью специального устройства или шприцевого метода. Полученная мелкодисперсная пена вводится в просвет варикозной вены через тонкую иглу. Процедура проводится под обязательным ультразвуковым контролем (дуплексным сканированием), что обеспечивает точность введения препарата, визуализацию распространения пены по вене и контроль за полнотой облитерации сосуда. После введения пена вытесняет кровь из вены и вступает в контакт с внутренней стенкой сосуда (эндотелием), вызывая контролируемое химическое повреждение. В результате этого процесса происходит облитерация (склеивание, спадание) вены, и со временем она превращается в соединительнотканный тяж, который впоследствии полностью рассасывается. Кровоток перераспределяется по здоровым глубоким венам. Продолжительность процедуры составляет от 15 до 40 минут в зависимости от объема вмешательства.\n\nПреимущества пенной склеротерапии:\n• Пена не смешивается с кровью, а выталкивает её из сосуда, благодаря чему вена становится пустой, и достигается максимальный контакт препарата со стенкой сосуда;\n• Пена вызывает выраженный и продолжительный спазм вены: её диаметр может уменьшаться до 5 раз, что повышает эффективность склерозирования;\n• По сравнению с жидким склерозантом, пена значительно дольше воздействует на стенку сосуда, что позволяет использовать меньшее количество препарата для достижения стойкого результата;\n• Процедура является амбулаторной и не требует госпитализации в стационар;\n• Практически безболезненна, ощущения сравнимы с обычной внутривенной инъекцией;\n• Дает отличный косметический эффект: исчезают видимые варикозные вены, не остается послеоперационных рубцов и шрамов;\n• Короткий период восстановления: в большинстве случаев пациент возвращается к привычному образу жизни сразу после процедуры;\n• Минимальный риск осложнений при правильном выполнении.\n\nПосле процедуры:\nСразу после завершения пенной склеротерапии на ногу надевается компрессионный трикотаж (специальные чулки или гольфы) или накладывается эластичная компрессионная повязка. В течение 20-30 минут пациенту рекомендуется оставаться в медицинском центре под наблюдением персонала для контроля общего самочувствия и исключения возможных немедленных реакций. Перед уходом пациент получает от флеболога подробные индивидуальные рекомендации по дальнейшему режиму, ношению компрессионного трикотажа, физической активности и ответы на все интересующие вопросы.','Пенная склеротерапия может быть рекомендована в следующих случаях:\n• Варикозная болезнь нижних конечностей (в том числе стволовая форма, несостоятельность перфорантных вен);\n• Ретикулярный варикоз и телеангиэктазии (сосудистые «звездочки»);\n• Варикозное расширение притоков магистральных подкожных вен;\n• Рецидив варикозной болезни после хирургического лечения;\n• Врожденные венозные мальформации;\n• Венозные озера и ангиомы.\n\nОкончательное решение о целесообразности и возможности проведения пенной склеротерапии принимает врач-флеболог после проведения осмотра и ультразвукового дуплексного сканирования вен нижних конечностей.','• Обязательная предварительная консультация флеболога с проведением УЗИ вен нижних конечностей (дуплексного сканирования) для оценки состояния венозной системы и определения показаний к процедуре;\n• За 2-3 дня до процедуры исключить прием алкоголя;\n• За сутки до процедуры не использовать косметические средства (кремы, лосьоны, масла) на коже ног;\n• В день процедуры принять душ, надеть чистое бельё;\n• Надеть удобную одежду и обувь, не стесняющую движений;\n• Иметь при себе компрессионный трикотаж (чулки или гольфы), рекомендованный флебологом;\n• Легкий прием пищи не позднее чем за 2 часа до процедуры;\n• Сообщить врачу о принимаемых лекарственных препаратах, особенно о средствах, влияющих на свертываемость крови (антикоагулянты, аспирин), и гормональных препаратах;\n• Сообщить врачу о наличии аллергических реакций, особенно на лекарственные препараты;\n• Женщинам рекомендуется проводить процедуру вне периода менструации.','active',0,'2026-04-21 11:26:38','2026-04-21 11:26:38'),(203,2,'Консультация врача-кардиолога','konsultaciya-vracha-kardiologa',44.66,30,'Кардиолог — это специалист, который занимается профилактикой, диагностикой и лечением патологий сердечно-сосудистой системы.\n\nС какими заболеваниями пациенты обращаются к кардиологу:\n• Инфаркт миокарда;\n• Ишемическая болезнь сердца;\n• Стенокардия;\n• Аритмии;\n• Сердечная недостаточность;\n• Травмы области сердца;\n• Пороки сердца: врожденные и приобретенные;\n• Атеросклероз;\n• Артериальная гипотензия;\n• Артериальная гипертензия;\n• И некоторые другие заболевания.\n\nФакторы риска развития сердечно-сосудистой патологии:\n• Наследственность;\n• Мужской пол;\n• Возраст;\n• Повышенный уровень холестерина в крови;\n• Артериальная гипертензия;\n• Курение;\n• Малоподвижный образ жизни;\n• Избыточная масса тела;\n• Сахарный диабет;\n• Стресс.\n\nКак проходит консультация: кардиолог собирает анамнез, проводит осмотр, измеряет артериальное давление, проверяет пульс. При необходимости врач направляет на дополнительные обследования: ЭКГ, УЗИ сердца, холтеровское мониторирование, суточное мониторирование артериального давления и другие.','• Боли в области сердца или за грудиной;\n• Отёки на нижних конечностях;\n• Одышка, удушье, чувство нехватки воздуха;\n• Низкая переносимость физических нагрузок;\n• Нарушение ритма сердца;\n• Слабость, быстрая утомляемость;\n• Высокое или низкое артериальное давление;\n• Сердечно-сосудистая патология у близких родственников;\n• Эпизоды потери сознания.','Специальной подготовки не требуется. Обязательно возьмите с собой на приём результаты предыдущих осмотров и обследований.','active',0,'2026-04-21 11:28:07','2026-04-21 11:28:07'),(204,15,'Консультация врача-гастроэнтеролога','konsultaciya-vracha-gastroenterologa',49.66,30,'Гастроэнтерология — область медицины, которая занимается диагностикой и лечением заболеваний органов желудочно-кишечного тракта. Внимание и забота о пищеварительной системе — основа здоровья всего организма.\n\nВ клинике «Маяк Здоровья» оказываются следующие услуги:\n• Консультация врача-гастроэнтеролога.','• Боли и дискомфорт в животе;\n• Изжога, отрыжка, горечь во рту;\n• Тошнота, рвота;\n• Нарушения стула (запоры, диарея);\n• Вздутие живота, метеоризм;\n• Тяжесть после еды;\n• Снижение или повышение аппетита;\n• Необъяснимое изменение веса;\n• Профилактическое обследование органов ЖКТ.','Рекомендации по подготовке к консультации гастроэнтеролога уточняйте при записи. При наличии результатов предыдущих обследований (ФГДС, УЗИ, анализы) возьмите их с собой на прием.\n\n','active',0,'2026-04-21 11:31:00','2026-04-21 11:31:00'),(205,3,'Консультация врача-невролога','konsultaciya-vracha-nevrologa',44.66,30,'Невролог — это врач, который проводит диагностику и занимается лечением патологий головного и спинного мозга, а также периферических нервов.\n\nНа консультации врач собирает подробный анамнез, изучает результаты анализов и обследований, проводит осмотр, при необходимости назначает дополнительные обследования и составляет план лечения. Невролог проверяет чувствительность кожи и наличие тремора, тонус и силу мышц, точность движений, оценивает рефлексы, устойчивость при стоянии и ходьбе.\n\nНеврологи клиники владеют лечебными блокадами: паравертебральной, эпидуральной, триггерных точек, грушевидной мышцы.','• Боль и дискомфорт в области шеи и/или спины;\n• Головные боли различной интенсивности;\n• Болезненные ощущения в области лица;\n• Слабость в мышцах рук и ног;\n• Судороги;\n• Панические атаки;\n• Онемение верхней или нижней конечности;\n• Поражение нервной системы при сахарном диабете;\n• Проблемы с ориентацией в пространстве;\n• Неустойчивая походка, нарушение координации;\n• Снижение памяти;\n• Тремор рук;\n• Проблемы с речью;\n• Постоянная усталость и снижение работоспособности;\n• Нервные тики;\n• Эпизоды потери сознания в анамнезе;\n• Бессонница;\n• Состояние после травмы головы или позвоночного столба.','Специальной подготовки не требуется. Не забудьте взять с собой на прием результаты предыдущих медицинских осмотров и обследований.','active',0,'2026-04-21 11:31:51','2026-04-21 11:31:51'),(206,3,'Паравертебральная блокада','paravertebralnaya-blokada',29.98,30,'Блокада грушевидной мышцы выполняется при наличии у пациента синдрома грушевидной мышцы. При этой патологии боль локализуется в области ягодицы и отдаёт в нижнюю конечность. Боль усиливается при длительном нахождении в одном положении, особенно в положении сидя. В основе синдрома лежит спазм грушевидной мышцы, который приводит к сдавлению седалищного нерва.\n\nБлокаду осуществляет врач после точного определения места инъекции путем разметки на коже. Для процедуры используют шприц с длинной и тонкой иглой. Блокада протекает практически безболезненно, через 10-15 минут пациент ощущает исчезновение или значительное уменьшение боли.\n\nДля блокады используют анестетики (новокаин, лидокаин и другие), а также кортикостероиды, которые снимают отёк и обладают противовоспалительным действием.','• Синдром грушевидной мышцы;\n• Боль в ягодичной области с иррадиацией в нижнюю конечность;\n• Сдавление седалищного нерва вследствие спазма грушевидной мышцы;\n• Усиление боли при длительном сидении.','Перед процедурой необходима обязательная консультация специалиста для подтверждения диагноза и исключения противопоказаний.','active',0,'2026-04-21 11:32:41','2026-04-21 11:32:41'),(207,12,'Консультация врача-уролога, к.м.н','konsultaciya-vracha-urologa-kmn',65.66,30,'Консультация уролога — это прием специалиста, к которому обращаются мужчины с патологиями мочеполовой системы и женщины с болезнями мочевыделительной системы. Частые пациентки уролога — беременные с циститами, пиелонефритами, бессимптомной бактериурией.\n\nУролог лечит: цистит, везикулит, простатит, поликистоз почек, эректильную дисфункцию, пиелонефрит, ДГПЖ (аденому простаты), мочекаменную болезнь, а также другие заболевания.\n\nКонсультация включает сбор анамнеза, осмотр, назначение обследований и анализов, постановку диагноза и составление плана лечения. При необходимости операции уролог в доступной форме объяснит её суть.','• Частые позывы к мочеиспусканию;\n• Болезненное мочеиспускание с резями;\n• Мочеиспускание малыми порциями или полное его отсутствие;\n• Частые ночные походы в туалет;\n• Болезненные ощущения внизу живота, в поясничной области, в промежности;\n• Патологический анализ мочи, изменение её цвета, запаха, примесь крови или гноя;\n• Снижение либидо у мужчин, проблемы с эрекцией, нарушение эякуляции, отсутствие оргазма;\n• Бесплодие у мужчины;\n• Подбор мужских контрацептивов;\n• Ожирение, старение у мужчины.','Специальной подготовки не требуется. Рекомендуется взять с собой результаты предыдущих обследований и анализов (при наличии). За 1-1,5 часа до приема не опорожнять мочевой пузырь для возможности проведения УЗИ или сдачи анализов при необходимости.','active',0,'2026-04-21 11:33:35','2026-04-21 11:33:35'),(208,12,'Лечебный массаж предстательной железы','lechebnyy-massazh-predstatelnoy-zhelezy',26.62,30,'Массаж простаты — это механическое воздействие на предстательную железу указательным пальцем врача, вводимым в прямую кишку.\n\nЭффект массажа простаты:\n• Улучшает местный кровоток и лимфоотток;\n• Повышает обмен веществ;\n• Нормализует тонус гладкомышечной ткани простаты;\n• Повышает тонус мышц промежности;\n• Убирает застойные явления в простате;\n• Уменьшает болевой синдром;\n• Восстанавливает половую функцию и либидо.\n\nКак проходит процедура: пациент приходит с наполненным мочевым пузырем, ложится на правый бок и поджимает колени к животу. Врач надевает перчатку и вводит указательный палец в прямую кишку. Процедура должна быть безболезненной, степень надавливания регулируется по ощущениям пациента. Интенсивность массажа зависит от консистенции простаты: мягкая — лёгкие нажатия, плотная или твёрдая — более сильные. После массажа пациенту нужно помочиться. Длительность — 2 минуты. Курс — от 8 до 10 процедур с интервалом в 1-2 дня.','• Хронический простатит;\n• Эректильные расстройства;\n• Хроническая тазовая боль;\n• Получение секрета простаты для анализа.','• Прийти на прием с наполненным мочевым пузырем;\n• Предварительно опорожнить кишечник естественным путем;\n• Провести гигиенический туалет перианальной области.\n\nПротивопоказания\n• Острый простатит;\n• Кисты простаты;\n• Аденома простаты (ДГПЖ);\n• Рак простаты;\n• Геморрой;\n• Анальная трещина;\n• Воспаление прямой кишки;\n• Повышение температуры;\n• Острый уретрит;\n• Острая задержка мочеиспускания.','active',0,'2026-04-21 11:34:44','2026-04-21 11:34:44'),(209,24,'Консультация врача-нефролога','konsultaciya-vracha-nefrologa',44.66,30,'Консультация нефролога в клинике экспертной медицины проводится по предварительной записи. Прием ведет один из ведущих нефрологов Беларуси, ранее — главный внештатный нефролог Комитета по здравоохранению Мингорисполкома.\n\nНефролог занимается диагностикой, лечением и предотвращением заболеваний почек.\n\nНефролог лечит:\n• Мочекаменную болезнь;\n• Пиелонефрит;\n• Гломерулонефрит;\n• Амилоидоз;\n• Лекарственное поражение почек;\n• Вторичное поражение почек при сахарном диабете, артериальной гипертензии, системных заболеваниях соединительной ткани;\n• Хроническую почечную недостаточность.\n\nНефролог медицинского центра постоянно сотрудничает с эндокринологами, врачами ультразвуковой диагностики, урологами, кардиологами, что обеспечивает точную диагностику и эффективное лечение.\n\nКак проводится консультация нефролога:\n• Сбор жалоб с их детализацией;\n• Сбор анамнестических данных заболевания;\n• Выявление факторов риска заболеваний;\n• Интерпретация результатов клинико-лабораторных и инструментальных исследований;\n• Проведение общего осмотра;\n• Проведение пальпации, перкуссии, аускультации;\n• Установление клинико-функционального диагноза;\n• Определение тактики лечения и индивидуальных рекомендаций;\n• Назначение медикаментозного и немедикаментозного лечения;\n• Оформление медицинской документации и консультативного заключения.\n\nКак сохранить здоровье почек:\n• Отказаться от курения;\n• Избегать бесконтрольного приема токсичных для почек препаратов (НПВС, антибиотики, мочегонные);\n• Правильно питаться;\n• Контролировать вес;\n• Контролировать артериальное давление и уровень сахара в крови;\n• Уделять время физической активности.','• Боль в пояснице и/или при мочеиспускании;\n• Нарушение мочеиспускания;\n• Уменьшение или увеличение количества мочи;\n• Изменения в анализах мочи: появление белка и/или эритроцитов;\n• Макрогематурия: появление крови в моче, видимое глазом;\n• Изменение цвета или запаха мочи;\n• Отёки лица, век, ног;\n• Изменения в почках по УЗИ: отсутствие почки, маленькие размеры, поликистоз;\n• Артериальная гипертензия, устойчивая к лечению;\n• Приём лекарств, потенциально опасных для почек (НПВС, мочегонные);\n• Патология почек у беременных, планирование беременности.','Специальной подготовки не требуется. Взять с собой результаты предыдущих обследований и анализов (общий анализ мочи, биохимия крови, УЗИ почек).','active',0,'2026-04-21 11:35:46','2026-04-21 11:35:46'),(210,24,'Разработка индивидуального плана питания при болезни почек с учетом стадии заболевания','razrabotka-individualnogo-plana-pitaniya-pri-bolezni-pochek-s-uchetom-stadii-zabolevaniya',13.06,30,'Разработка индивидуального плана питания при болезни почек с учетом стадии заболевания — это персональный подбор диетических рекомендаций, адаптированных к конкретному диагнозу и актуальным потребностям пациента.\n\nВ рамках услуги проводится:\n• Оценка белково-энергетического состояния и коррекция рекомендованной нормы потребления белка;\n• Определение индивидуальных норм продуктов питания в зависимости от содержания в них веществ, подлежащих ограничению (калий, фосфор, кальций, натрий, пурины и др.);\n• Подбор примерного рациона с учетом индивидуальных пищевых предпочтений и потребностей пациента;\n• Устное информирование и выдача подробных письменных рекомендаций.','• Хроническая болезнь почек любой стадии;\n• Мочекаменная болезнь;\n• Пиелонефрит, гломерулонефрит;\n• Нарушение функции почек;\n• Необходимость коррекции питания при почечной патологии.','Взять с собой результаты анализов (креатинин, мочевина, калий, фосфор, кальций, общий анализ мочи), заключение нефролога с указанием стадии заболевания.','active',0,'2026-04-21 11:36:26','2026-04-21 11:36:26'),(211,25,'Консультация врача-онколога','konsultaciya-vracha-onkologa',42.66,30,'Консультация онколога — это прием специалиста, который занимается диагностикой, лечением и профилактикой доброкачественных и злокачественных образований.\n\nХорошее самочувствие не гарантирует отсутствия заболеваний. Многие онкозаболевания на ранних стадиях протекают без ярких симптомов, поэтому важно регулярно проходить комплексные медосмотры и при необходимости посещать онколога.\n\nДля злокачественных опухолей характерен быстрый бесконтрольный рост, разрушение окружающих тканей, появление метастазов и изменение структуры клеток.\n\nНа консультации онколог знакомится с результатами обследований, при необходимости назначает новые, ставит диагноз и предлагает варианты лечения.','• Кровь в моче или кале;\n• Частые носовые кровотечения;\n• Следы крови на белье;\n• Резкое снижение массы тела без объективных причин;\n• Появление на коже фибром, папиллом, кондилом, невусов (родинок) или изменение их формы, цвета, размера, появление кровоточивости;\n• Наличие уплотнений;\n• Увеличение лимфоузлов;\n• Частый и стремительный рост температуры;\n• Длительная боль или дискомфорт в одном месте (жжение, давление, тяжесть, першение);\n• Нарушение сна, бессонница;\n• Ухудшение зрения, памяти, слуха;\n• Продолжительные головные боли;\n• Необычные выделения: из уретры, сосков, прямой кишки, влагалища;\n• Беспричинная потеря аппетита, слабость, тошнота, усталость.','Специальной подготовки не требуется. Взять с собой результаты предыдущих обследований, анализов и заключений других специалистов (при наличии).','active',0,'2026-04-21 11:37:13','2026-04-21 11:37:13'),(212,26,'Консультация врача-онколога (маммолога) к.м.д., доцента','konsultaciya-vracha-onkologa-mammologa-kmd-docenta',42.66,30,'Врач-маммолог — это специалист, который занимается диагностикой и лечением заболеваний молочных желез (груди). Патологии молочных желез могут встречаться как у женщин, так и у мужчин.\n\nМаммолог занимается диагностикой и лечением широкого спектра заболеваний:\n• Воспалительные заболевания — разные формы маститов;\n• Мастопатия, фиброзно-кистозная болезнь, гинекомастия и др.;\n• Диагностика образований в молочных железах;\n• Последствия перенесенных травм.\n\nВажно помнить, что на ранних стадиях многие маммологические заболевания протекают бессимптомно, а в запущенных формах могут потребовать оперативного вмешательства и длительного лечения.\n\nОбязательные этапы комплексной диагностики груди для женщин от 18 до 35 лет:\n• УЗИ молочных желез;\n• Пальпаторная диагностика;\n• Консультация врача-маммолога по результатам обследований.\n\nПосле 35 лет женщинам рекомендуется ежегодно проходить также маммографию.','• Изменения размера, формы груди, соска или ареолы;\n• Боль в молочной железе;\n• Жжение, зуд;\n• Уплотнения в молочных железах;\n• Покраснение участков кожи в области груди;\n• Выделения из соска (при отсутствии лактации);\n• Травмы в области груди;\n• Профилактический осмотр (даже при отсутствии симптомов).','Специальной подготовки не требуется. Взять с собой результаты предыдущих обследований (УЗИ молочных желез, маммография) при наличии. Оптимальное время для визита — с 5 по 12 день менструального цикла.','active',0,'2026-04-21 11:38:14','2026-04-21 11:38:14'),(213,26,'Пункционная биопсия образования молочной железы','punkcionnaya-biopsiya-obrazovaniya-molochnoy-zhelezy',69.47,30,'Пункционная биопсия образования молочной железы — это диагностическая процедура, позволяющая определить природу образования (доброкачественное или злокачественное). Для визуальной диагностики используют УЗИ и маммографию, но только пункция дает точный ответ о характере клеток.\n\nКроме определения природы образования, пункция помогает ответить на вопросы:\n• Степень распространения заболевания;\n• Стадия развития;\n• Структура новообразования;\n• Является ли образование гормональным или воспалительным процессом.\n\nПосле пункции возможны временные явления: тошнота, головокружение, дискомфорт в месте прокола, незначительный отёк, кровоточивость раны. Эти симптомы быстро проходят.','• Пальпируемое объёмное образование в груди;\n• Непонятные изменения в области соска;\n• Язвы на груди;\n• Пятна на маммографии;\n• Подозрительные участки на УЗИ.','Противопоказания\n• Беременность и лактация;\n• Менструация;\n• Лихорадка;\n• Образование размером до 5 мм;\n• Аллергия на препараты для анестезии.\n\nРекомендации по подготовке уточняйте у врача. Процедура не проводится во время менструации. При наличии аллергии на анестетики сообщить врачу заранее.','active',0,'2026-04-21 11:39:35','2026-04-21 11:39:35'),(214,27,'Консультация врача-диетолога','konsultaciya-vracha-dietologa',44.57,30,'Диетология — это не всегда про похудение. Врач-диетолог занимается вопросами правильного и рационального питания для здоровых людей и тех, кто имеет хронические заболевания. Специалист решает задачи организации питания любой сложности.\n\nНаиболее частая причина обращения к диетологу — избыточная масса тела и ожирение. В большинстве случаев к диетологу приходят после строгих диет, отказ от которых приводит к стремительному набору веса.\n\nДругие вопросы, которые решает врач-диетолог:\n• Питание при дефиците массы тела;\n• Нарушение обменных процессов на фоне изменений гормонального статуса (эндокринологические заболевания, послеродовый период, менопауза);\n• Изменения в рационе на фоне резкого увеличения или приостановки физической активности;\n• Коррекция рациона питания при психоэмоциональных нагрузках;\n• Организация правильного питания для всей семьи.\n\nВ клинике принимает эксперт в области диетологии — сертифицированный врач с практическим опытом в эндокринологии и диетологии. Диетолог проводит подробный разбор возможных причин нарушений обмена веществ, дает рекомендации по их коррекции.','• Избыточная масса тела, ожирение;\n• Дефицит массы тела;\n• Нарушения обмена веществ;\n• Эндокринологические заболевания, требующие коррекции питания;\n• Послеродовый период, менопауза;\n• Изменение уровня физической активности;\n• Психоэмоциональные нагрузки;\n• Необходимость организации правильного питания для семьи;\n• Хронические заболевания, требующие диетического питания.','Специальной подготовки не требуется. Рекомендуется вести дневник питания за 3-5 дней до консультации. Взять с собой результаты предыдущих обследований и анализов (при наличии).','active',0,'2026-04-21 11:53:30','2026-04-21 11:53:30'),(215,28,'Консультация психолога','konsultaciya-psihologa',74.98,30,'Консультация психолога — услуга, доступная в клинике с 1 сентября. Приём ведёт врач-психолог Петровская Татьяна Николаевна. Длительность консультации — 60 минут.\n\nПсихолог — специалист, изучающий способы и формы психологических проявлений личности в различных сферах деятельности человека.\n\nОсновные признаки, свидетельствующие о психическом расстройстве личности:\n• Низкая самооценка;\n• Чувство одиночества и безысходности;\n• Повышенная мрачность и раздражительность;\n• Отсутствие взаимопонимания.\n\nВрач-психолог проведет диагностику, составит план психологического консультирования и поможет оставаться здоровым без лекарств.\n\nМетодики, применяемые в диагностике:\n• Внимание и память: таблицы Шульте, счет по Крепелину, опосредованное запоминание по А.Н. Леонтьеву, заучивание 10 слов (А.Р. Лурия);\n• Мышление: классификация предметов, исключение четвертого лишнего, пиктограммы, ассоциативный эксперимент, соотношение пословиц и метафор;\n• Интеллект: тест Векслера, батарея лобных дисфункций (FAB), MMSE;\n• Личность: метод цветовых выборов Люшера, Миннесотский многофакторный метод, ПДО, незаконченные предложения, несуществующее животное, дом-дерево-человек;\n• Тревога, депрессия: шкала Бека, шкала Спилбергера, HADS;\n• Суицидальный риск: опросник суицидального риска, шкала безнадежности, шкала импульсивности.','• Низкая самооценка;\n• Чувство одиночества и безысходности;\n• Повышенная мрачность и раздражительность;\n• Отсутствие взаимопонимания с окружающими;\n• Тревожные состояния;\n• Признаки депрессии;\n• Эмоциональное выгорание;\n• Стрессовые ситуации.','Специальной подготовки не требуется.','active',0,'2026-04-21 11:54:26','2026-04-21 11:54:26'),(216,29,'Консультация врача-психотерапевта','konsultaciya-vracha-psihoterapevta',44.41,30,'Консультация психотерапевта проводится по предварительной записи. Врач-психотерапевт — это специалист с высшим медицинским образованием, который проводит лечение двумя способами:\n\nНемедикаментозный — с применением различных методов психотерапевтического воздействия (когнитивно-поведенческая психотерапия, эмоционально-рациональная психотерапия, гештальт-подход, эриксоновский гипноз и др.).\n\nС использованием лекарственных препаратов — ноотропов, витаминов, адаптогенов, антидепрессантов, нейролептиков. Лекарственная терапия является дополнительным методом, её эффективность минимальна, если пациент параллельно не прорабатывает причины психоэмоциональных проблем. В некоторых случаях препараты служат средством первой помощи для купирования острого состояния, после чего необходим курс психотерапии.\n\nКак проводится консультация:\n• Сбор жалоб с их детализацией;\n• Сбор анамнестических данных заболевания;\n• Выявление факторов риска заболеваний;\n• Интерпретация результатов исследований;\n• Проведение общего осмотра;\n• Установление клинико-функционального диагноза;\n• Определение тактики лечения и индивидуальных рекомендаций;\n• Назначение медикаментозного и немедикаментозного лечения;\n• Оформление медицинской документации и консультативного заключения.','• После сильного стресса, психологической травмы;\n• Подавленное настроение, потеря интереса к жизни, близким, работе;\n• Постоянная нервозность, тревожность, страхи;\n• Хроническая усталость, быстрая утомляемость даже после отдыха;\n• Нарушения сна: проблемы с засыпанием, чувство разбитости при пробуждении;\n• Вспыльчивость, раздражительность, перепады настроения;\n• Чувство эмоционального или профессионального выгорания;\n• Переедание, зависимость от алкоголя или азартных игр.','Специальной подготовки не требуется.\n\n','active',0,'2026-04-21 11:55:20','2026-04-21 11:55:20');
/*!40000 ALTER TABLE `services` ENABLE KEYS */;
UNLOCK TABLES;

--
-- Table structure for table `sessions`
--

DROP TABLE IF EXISTS `sessions`;
/*!40101 SET @saved_cs_client     = @@character_set_client */;
/*!50503 SET character_set_client = utf8mb4 */;
CREATE TABLE `sessions` (
  `id` varchar(255) CHARACTER SET utf8mb4 COLLATE utf8mb4_unicode_ci NOT NULL,
  `user_id` bigint unsigned DEFAULT NULL,
  `ip_address` varchar(45) CHARACTER SET utf8mb4 COLLATE utf8mb4_unicode_ci DEFAULT NULL,
  `user_agent` text CHARACTER SET utf8mb4 COLLATE utf8mb4_unicode_ci,
  `payload` longtext CHARACTER SET utf8mb4 COLLATE utf8mb4_unicode_ci NOT NULL,
  `last_activity` int NOT NULL,
  PRIMARY KEY (`id`),
  KEY `sessions_user_id_index` (`user_id`),
  KEY `sessions_last_activity_index` (`last_activity`)
) ENGINE=InnoDB DEFAULT CHARSET=utf8mb4 COLLATE=utf8mb4_unicode_ci;
/*!40101 SET character_set_client = @saved_cs_client */;

--
-- Dumping data for table `sessions`
--

LOCK TABLES `sessions` WRITE;
/*!40000 ALTER TABLE `sessions` DISABLE KEYS */;
/*!40000 ALTER TABLE `sessions` ENABLE KEYS */;
UNLOCK TABLES;

--
-- Table structure for table `settings`
--

DROP TABLE IF EXISTS `settings`;
/*!40101 SET @saved_cs_client     = @@character_set_client */;
/*!50503 SET character_set_client = utf8mb4 */;
CREATE TABLE `settings` (
  `id` bigint unsigned NOT NULL AUTO_INCREMENT,
  `group_name` varchar(100) CHARACTER SET utf8mb4 COLLATE utf8mb4_unicode_ci NOT NULL,
  `key` varchar(255) CHARACTER SET utf8mb4 COLLATE utf8mb4_unicode_ci NOT NULL,
  `value` text CHARACTER SET utf8mb4 COLLATE utf8mb4_unicode_ci,
  `created_at` timestamp NULL DEFAULT NULL,
  `updated_at` timestamp NULL DEFAULT NULL,
  PRIMARY KEY (`id`),
  UNIQUE KEY `settings_group_name_key_unique` (`group_name`,`key`)
) ENGINE=InnoDB AUTO_INCREMENT=22 DEFAULT CHARSET=utf8mb4 COLLATE=utf8mb4_unicode_ci;
/*!40101 SET character_set_client = @saved_cs_client */;

--
-- Dumping data for table `settings`
--

LOCK TABLES `settings` WRITE;
/*!40000 ALTER TABLE `settings` DISABLE KEYS */;
INSERT INTO `settings` VALUES (1,'contacts','address','г. Минск, ул. К. Туровского, 14','2026-04-20 05:55:45','2026-04-27 15:38:14'),(2,'contacts','postal_address','220114, Минск, ул. Филимонова, 25Г-303','2026-04-20 05:55:45','2026-04-27 15:38:14'),(3,'contacts','phone_main','+375 (17) 215-02-89','2026-04-20 05:55:45','2026-04-27 15:38:14'),(4,'contacts','phone_mobile','+375 (29) 652-93-27','2026-04-20 05:55:45','2026-04-27 15:38:14'),(5,'contacts','email','info@lighthouse.by','2026-04-20 05:55:45','2026-04-27 15:38:14'),(6,'contacts','map_url','https://yandex.ru/maps/157/minsk/','2026-04-20 05:55:45','2026-04-20 05:55:45'),(7,'schedule','weekdays','08:00 – 20:30','2026-04-20 05:55:45','2026-04-27 15:38:14'),(8,'schedule','saturday','08:00 – 18:00','2026-04-20 05:55:45','2026-04-27 15:38:14'),(9,'schedule','sunday','09:00 – 16:00','2026-04-20 05:55:45','2026-04-27 15:38:14'),(10,'social','instagram','https://www.instagram.com/lighthouse_med/','2026-04-20 05:55:45','2026-04-20 07:08:49'),(11,'social','telegram','https://t.me/mayak_zdorovya','2026-04-20 05:55:45','2026-04-20 05:55:45'),(12,'social','viber','viber://chat?number=+375291234567','2026-04-20 05:55:45','2026-04-20 05:55:45'),(13,'legal','company_name','ООО «ЗАРГА Медика»','2026-04-20 05:55:45','2026-04-27 15:38:14'),(14,'legal','unp','УНП 192035339','2026-04-20 05:55:45','2026-04-27 15:38:14'),(15,'legal','license_number','Лицензия № М-8399','2026-04-20 05:55:45','2026-04-27 15:38:14'),(16,'social','facebook','https://www.facebook.com/lighthouse.med.by','2026-04-20 07:08:49','2026-04-20 07:08:49'),(17,'social','vk','https://vk.com/lighthouse_med','2026-04-20 07:08:49','2026-04-20 07:08:49'),(18,'social','youtube','https://www.youtube.com/channel/UC_82Q11hDuQrKX7pzhQLPIg','2026-04-20 07:08:49','2026-04-20 07:08:49'),(19,'contacts','phone_extra_1','+375 (29) 28-226-28','2026-04-27 15:38:14','2026-04-27 15:38:14'),(20,'contacts','phone_short','7289','2026-04-27 15:38:14','2026-04-27 15:38:14'),(21,'contacts','phone_short_note','А1, МТС, Life','2026-04-27 15:38:14','2026-04-27 15:38:14');
/*!40000 ALTER TABLE `settings` ENABLE KEYS */;
UNLOCK TABLES;

--
-- Table structure for table `specializations`
--

DROP TABLE IF EXISTS `specializations`;
/*!40101 SET @saved_cs_client     = @@character_set_client */;
/*!50503 SET character_set_client = utf8mb4 */;
CREATE TABLE `specializations` (
  `id` bigint unsigned NOT NULL AUTO_INCREMENT,
  `name` varchar(255) CHARACTER SET utf8mb4 COLLATE utf8mb4_unicode_ci NOT NULL,
  `slug` varchar(255) CHARACTER SET utf8mb4 COLLATE utf8mb4_unicode_ci NOT NULL,
  `created_at` timestamp NULL DEFAULT NULL,
  `updated_at` timestamp NULL DEFAULT NULL,
  PRIMARY KEY (`id`),
  UNIQUE KEY `specializations_name_unique` (`name`),
  UNIQUE KEY `specializations_slug_unique` (`slug`)
) ENGINE=InnoDB AUTO_INCREMENT=28 DEFAULT CHARSET=utf8mb4 COLLATE=utf8mb4_unicode_ci;
/*!40101 SET character_set_client = @saved_cs_client */;

--
-- Dumping data for table `specializations`
--

LOCK TABLES `specializations` WRITE;
/*!40000 ALTER TABLE `specializations` DISABLE KEYS */;
INSERT INTO `specializations` VALUES (1,'Терапевт','terapevt','2026-04-20 05:55:44','2026-04-20 05:55:44'),(2,'Кардиолог','kardiolog','2026-04-20 05:55:44','2026-04-20 05:55:44'),(3,'Невролог','nevrolog','2026-04-20 05:55:44','2026-04-20 05:55:44'),(4,'Педиатр','pediatr','2026-04-20 05:55:44','2026-04-20 05:55:44'),(5,'Акушер-гинеколог','akusher-ginekolog','2026-04-20 05:55:44','2026-04-20 05:55:44'),(6,'Офтальмолог','oftalmolog','2026-04-20 05:55:44','2026-04-20 05:55:44'),(7,'Дерматолог','dermatolog','2026-04-20 05:55:44','2026-04-20 05:55:44'),(8,'Стоматолог','stomatolog','2026-04-20 05:55:44','2026-04-20 05:55:44'),(9,'Проктолог','proktolog','2026-04-20 05:55:44','2026-04-20 05:55:44'),(10,'Хирург','hirurg','2026-04-20 05:55:44','2026-04-20 05:55:44'),(11,'Эндокринолог','endokrinolog','2026-04-20 05:55:44','2026-04-20 05:55:44'),(12,'Уролог','urolog','2026-04-20 05:55:44','2026-04-20 05:55:44'),(13,'Ортопед','ortoped','2026-04-20 05:55:44','2026-04-20 05:55:44'),(14,'Отоларинголог','otolaringolog','2026-04-20 05:55:44','2026-04-20 05:55:44'),(15,'Гастроэнтеролог','gastroenterolog','2026-04-20 05:55:44','2026-04-20 05:55:44'),(16,'Гинеколог','ginekolog','2026-04-20 07:08:47','2026-04-20 07:08:47'),(17,'Нефролог','nefrolog','2026-04-20 07:08:47','2026-04-20 07:08:47'),(18,'Онколог','onkolog','2026-04-20 07:08:47','2026-04-20 07:08:47'),(19,'Маммолог','mammolog','2026-04-20 07:08:47','2026-04-20 07:08:47'),(20,'Диетолог','dietolog','2026-04-20 07:08:47','2026-04-20 07:08:47'),(21,'Флеболог','flebolog','2026-04-20 07:08:47','2026-04-20 07:08:47'),(22,'Психолог','psiholog','2026-04-20 07:08:47','2026-04-20 07:08:47'),(23,'Психотерапевт','psihoterapevt','2026-04-20 07:08:47','2026-04-20 07:08:47'),(24,'Врач УЗИ','vrach-uzi','2026-04-20 07:08:47','2026-04-20 07:08:47'),(25,'Врач функциональной диагностики','vrach-funkcionalnoy-diagnostiki','2026-04-20 07:08:47','2026-04-20 07:08:47');
/*!40000 ALTER TABLE `specializations` ENABLE KEYS */;
UNLOCK TABLES;

--
-- Table structure for table `users`
--

DROP TABLE IF EXISTS `users`;
/*!40101 SET @saved_cs_client     = @@character_set_client */;
/*!50503 SET character_set_client = utf8mb4 */;
CREATE TABLE `users` (
  `id` bigint unsigned NOT NULL AUTO_INCREMENT,
  `name` varchar(255) CHARACTER SET utf8mb4 COLLATE utf8mb4_unicode_ci NOT NULL,
  `email` varchar(255) CHARACTER SET utf8mb4 COLLATE utf8mb4_unicode_ci NOT NULL,
  `email_verified_at` timestamp NULL DEFAULT NULL,
  `password` varchar(255) CHARACTER SET utf8mb4 COLLATE utf8mb4_unicode_ci NOT NULL,
  `role` enum('admin','editor') CHARACTER SET utf8mb4 COLLATE utf8mb4_unicode_ci NOT NULL DEFAULT 'editor',
  `avatar` varchar(255) CHARACTER SET utf8mb4 COLLATE utf8mb4_unicode_ci DEFAULT NULL,
  `remember_token` varchar(100) CHARACTER SET utf8mb4 COLLATE utf8mb4_unicode_ci DEFAULT NULL,
  `created_at` timestamp NULL DEFAULT NULL,
  `updated_at` timestamp NULL DEFAULT NULL,
  PRIMARY KEY (`id`),
  UNIQUE KEY `users_email_unique` (`email`)
) ENGINE=InnoDB AUTO_INCREMENT=2 DEFAULT CHARSET=utf8mb4 COLLATE=utf8mb4_unicode_ci;
/*!40101 SET character_set_client = @saved_cs_client */;

--
-- Dumping data for table `users`
--

LOCK TABLES `users` WRITE;
/*!40000 ALTER TABLE `users` DISABLE KEYS */;
INSERT INTO `users` VALUES (1,'Администратор','admin@mayak-zdorovya.by',NULL,'$2y$12$IfyuHYBmShv0fXxP3SSf/uryj6.cIqZfKz3EvJEH2xbITTY2op/4m','admin',NULL,'m4Cx8tzPSDEcryT0f2EkRFRhHCK1rIW9RpUNmpkcAwtCHzkmCIOpvUojZ3qk','2026-04-20 05:55:44','2026-04-20 07:08:47');
/*!40000 ALTER TABLE `users` ENABLE KEYS */;
UNLOCK TABLES;

--
-- Table structure for table `vacancies`
--

DROP TABLE IF EXISTS `vacancies`;
/*!40101 SET @saved_cs_client     = @@character_set_client */;
/*!50503 SET character_set_client = utf8mb4 */;
CREATE TABLE `vacancies` (
  `id` bigint unsigned NOT NULL AUTO_INCREMENT,
  `title` varchar(255) CHARACTER SET utf8mb4 COLLATE utf8mb4_unicode_ci NOT NULL,
  `description` text CHARACTER SET utf8mb4 COLLATE utf8mb4_unicode_ci,
  `sort_order` int NOT NULL DEFAULT '0',
  `is_active` tinyint(1) NOT NULL DEFAULT '1',
  `created_at` timestamp NULL DEFAULT NULL,
  `updated_at` timestamp NULL DEFAULT NULL,
  PRIMARY KEY (`id`)
) ENGINE=InnoDB AUTO_INCREMENT=6 DEFAULT CHARSET=utf8mb4 COLLATE=utf8mb4_unicode_ci;
/*!40101 SET character_set_client = @saved_cs_client */;

--
-- Dumping data for table `vacancies`
--

LOCK TABLES `vacancies` WRITE;
/*!40000 ALTER TABLE `vacancies` DISABLE KEYS */;
INSERT INTO `vacancies` VALUES (1,'Врач-невролог',NULL,10,1,'2026-04-28 14:38:12','2026-04-28 14:38:12'),(2,'Врач-уролог',NULL,20,1,'2026-04-28 14:38:12','2026-04-28 14:38:12'),(3,'Врач-терапевт',NULL,30,1,'2026-04-28 14:38:12','2026-04-28 14:38:12'),(4,'Врач УЗ-диагностики',NULL,40,1,'2026-04-28 14:38:12','2026-04-28 14:38:12'),(5,'Врач-кардиолог',NULL,50,1,'2026-04-28 14:38:12','2026-04-28 14:38:12');
/*!40000 ALTER TABLE `vacancies` ENABLE KEYS */;
UNLOCK TABLES;
/*!40103 SET TIME_ZONE=@OLD_TIME_ZONE */;

/*!40101 SET SQL_MODE=@OLD_SQL_MODE */;
/*!40014 SET FOREIGN_KEY_CHECKS=@OLD_FOREIGN_KEY_CHECKS */;
/*!40014 SET UNIQUE_CHECKS=@OLD_UNIQUE_CHECKS */;
/*!40101 SET CHARACTER_SET_CLIENT=@OLD_CHARACTER_SET_CLIENT */;
/*!40101 SET CHARACTER_SET_RESULTS=@OLD_CHARACTER_SET_RESULTS */;
/*!40101 SET COLLATION_CONNECTION=@OLD_COLLATION_CONNECTION */;
/*!40111 SET SQL_NOTES=@OLD_SQL_NOTES */;

-- Dump completed on 2026-05-08 11:03:07
